Workbook

Sheet Statement
A1: gvóvi wm‡g· †ccvi wjt
A2: Kz`ve, c~evBj, MvRxcyi (BDwbU-2) Qbcvov, AvovBnvRvi, bvivqbMÄ (&BDwbU-3)
A3: RvZxq wkÿvµg I cvV¨cy¯ÍK †evW© Gi 2027 wkÿve‡l©i cvV¨cy¯ÍK (gy`ªY, evavuB, mieivn) Kv‡Ri weeiY
M4: ZvwiLt 02.08.2026
A5: BDwbU-2 (Kz`ve, c~evBj, MvRxcyi)
A6: µwgK | B6: ‡kÖbx | C6: jU bs | D6: jU msL¨v | E6: ‡cøU Pvwn`v | F6: ‡gvU eB | G6: ‡gvU B‡¤úªkb | H6: wig | K6: ‡ccvi Pvwn`v | O6: gšÍe¨
H7: 4 Kvjvi | I7: 1 Kvjvi | J7: ‡gvU wig | K7: 70-29.5 | L7: 80-29.5 wRGmGg | M7: 80-33.5 | N7: ‡gvU ‡cøU
A8: 1 | B8: wcÖ-cÖvBgvix | C8: 123 | D8: Avgvi eB | E8: ='MSPL-2 (Class)'!M7 -> 192 | F8: ='MSPL-2 (Class)'!K7 -> 66398 | G8: ='MSPL-2 (Class)'!R7 -> 713778.5 | H8: ='MSPL-2 (Class)'!AD7 -> 1427.557 | J8: ='MSPL-2 (Class)'!AD7 -> 1427.557 | M8: =J8/50 -> 28.55114
D9: LvZv | E9: ='MSPL-2 (Class)'!M8 -> 18 | F9: ='MSPL-2 (Class)'!K8 -> 66398 | G9: ='MSPL-2 (Class)'!R8 -> 564383 | I9: ='MSPL-2 (Class)'!AD8 -> 1128.766 | J9: ='MSPL-2 (Class)'!AD8 -> 1128.766 | L9: =J9/65 -> 17.365631
A10: 2 | B10: cÖvBgvix | C10: 329338347375401 | D10: 5wU | E10: ='MSPL-2 (Class)'!M70 -> 4856 | F10: ='MSPL-2 (Class)'!K70 -> 4031896 | G10: ='MSPL-2 (Class)'!R70 -> 31161631 | H10: ='MSPL-2 (Class)'!AD70 -> 62323.261 | J10: ='MSPL-2 (Class)'!AD70 -> 62323.261 | L10: =J10/65 -> 958.81941
A11: 3 | B11: 7g | C11: 706708757759762 | D11: 5wU | E11: ='MSPL-2 (Class)'!M102 -> 792 | F11: ='MSPL-2 (Class)'!K102 -> 2188607 | G11: ='MSPL-2 (Class)'!R102 -> 9928182.2 | H11: ='MSPL-2 (Class)'!AD89 -> 1873.761 | I11: ='MSPL-2 (Class)'!AD80+'MSPL-2 (Class)'!AD81+'MSPL-2 (Class)'!AD82+'MSPL-2 (Class)'!AD83+'MSPL-2 (Class)'!AD84+'MSPL-2 (Class)'!AD85+'MSPL-2 (Class)'!AD86+'MSPL-2 (Class)'!AD87+'MSPL-2 (Class)'!AD88+'MSPL-2 (Class)'!AD90+'MSPL-2 (Class)'!AD91+'MSPL-2 (Class)'!AD92+'MSPL-2 (Class)'!AD93+'MSPL-2 (Class)'!AD94+'MSPL-2 (Class)'!AD95+'MSPL-2 (Class)'!AD96+'MSPL-2 (Class)'!AD97+'MSPL-2 (Class)'!AD98+'MSPL-2 (Class)'!AD99+'MSPL-2 (Class)'!AD100+'MSPL-2 (Class)'!AD101 -> 32960.487 | J11: ='MSPL-2 (Class)'!AD102 -> 34834.248 | K11: =J11/75 -> 464.45663
A12: 4 | B12: beg-mvwnZ¨ | C12: 926938953963 | D12: 4wU | E12: ='MSPL-2 (Class)'!M131 -> 752 | F12: ='MSPL-2 (Class)'!K131 -> 1246343 | G12: ='MSPL-2 (Class)'!R131 -> 9731784.8 | I12: ='MSPL-2 (Class)'!AD131 -> 37139.76 | J12: ='MSPL-2 (Class)'!AD131 -> 37139.76 | K12: =J12/75 -> 495.19679
A13: 5 | B13: beg-Kvjvi | C13: 1122 | D13: 1wU | E13: ='MSPL-2 (Class)'!M159 -> 1400 | F13: ='MSPL-2 (Class)'!K159 -> 295274 | G13: ='MSPL-2 (Class)'!R159 -> 4708344.5 | H13: ='MSPL-2 (Class)'!AD159 -> 9416.689 | J13: ='MSPL-2 (Class)'!AD159 -> 9416.689 | K13: =J13/75 -> 125.55585
A14: 6 | B14: beg-`vwLj | C14: 1055 | D14: 1wU | E14: ='MSPL-2 (Class)'!M206 -> 578 | F14: ='MSPL-2 (Class)'!K206 -> 287460 | G14: ='MSPL-2 (Class)'!R206 -> 2363805 | I14: ='MSPL-2 (Class)'!AD206 -> 8915.73 | J14: ='MSPL-2 (Class)'!AD206 -> 8915.73 | K14: =J14/75 -> 118.8764
A15: me©‡gvU | D15: 17 wU | E15: =SUM(E8:E14) -> 8588 | F15: =SUM(F8:F14) -> 8182376 | G15: =SUM(G8:G14) -> 59171909 | H15: =SUM(H8:H14) -> 75041.268 | I15: =SUM(I8:I14) -> 80144.742 | J15: =SUM(J8:J14) -> 155186.01 | K15: =SUM(K8:K14) -> 1204.0857 | L15: =SUM(L8:L14) -> 976.18504 | ... O15: =SUM(O8:O14) -> 0
A17: BDwbU-3 (Qbcvov, AvovBnvRvi, bvivqbMÄ)
A18: µwgK | B18: ‡kÖbx | C18: jU bs | D18: jU msL¨v | F18: ‡gvU eB | G18: ‡gvU B‡¤úªkb | J18: ‡gvU wig | K18: ‡ccvi Pvwn`v | O18: gšÍe¨
K19: 70-29.5 | L19: 80-29.5 wRGmGg | M19: 80-33.5 | N19: ‡gvU ‡cøU
A20: 1 | B20: cÖvBgvix | C20: 376379 | D20: 2wU | F20: ='MSPL-3(Class)'!L34 -> 1396833 | G20: ='MSPL-3(Class)'!N34 -> 10754081 | J20: ='MSPL-3(Class)'!Z34 -> 21508.162 | L20: =J20/65 -> 330.8948
A21: 2 | B21: Be‡Z`vqx | C21: 2022 | D21: 1wU | F21: ='MSPL-3(Class)'!L64 -> 862368 | G21: ='MSPL-3(Class)'!N64 -> 4873221.8 | J21: ='MSPL-3(Class)'!Z64 -> 9746.4435 | L21: =J21/65 -> 149.94528
A22: 3 | B22: 6ô gva¨wgK | C22: 646 | D22: 1wU | F22: ='MSPL-3(Class)'!L102 -> 407322 | G22: ='MSPL-3(Class)'!N102 -> 1567424.8 | J22: ='MSPL-3(Class)'!Z102 -> 5418.2295 | K22: =J22/75 -> 72.24306
A23: 4 | B23: 6ô `vwLj | C23: 667 | D23: 1wU | F23: ='MSPL-3(Class)'!L133 -> 693254 | G23: ='MSPL-3(Class)'!N133 -> 2768978.5 | J23: ='MSPL-3(Class)'!Z133 -> 10012.573 | K23: =J23/75 -> 133.50097
A24: 5 | B24: 8g gva¨wgK | C24: 834-843-854-865-872-877 | D24: 6wU | F24: ='MSPL-3(Class)'!L177 -> 2933769 | G24: ='MSPL-3(Class)'!N177 -> 14405581 | J24: ='MSPL-3(Class)'!Z177 -> 53170.316 | K24: =J24/75 -> 708.93755
A25: me©‡gvU | D25: 11wU | F25: =SUM(F20:F24) -> 6293546 | G25: =SUM(G20:G24) -> 34369287 | J25: =SUM(J20:J24) -> 99855.724 | K25: =SUM(K20:K24) -> 914.68158 | L25: =SUM(L20:L24) -> 480.84008 | M25: =SUM(M20:M24) -> 0 | N25: =SUM(N20:N24) -> 0 | O25: =SUM(O20:O24) -> 0
A27: BDwbU-2 Ges BDwbU-3 me©‡gvU | D27: 28wU | F27: =F25+F15 -> 14475922 | G27: =G25+G15 -> 93541196 | J27: =J25+J15 -> 255041.73 | K27: =K25+K15 -> 2118.7673 | L27: =L25+L15 -> 1457.0251 | M27: =M25+M15 -> 28.55114 | N27: =N25+N15 -> 0 | O27: =O25+O15 -> 0

Sheet Report-2
A1: gvóvi wm‡g· †ccvi wjt
A2: Kz`ve, c~evBj, MvRxcyi (BDwbU-2) Qbcvov, AvovBnvRvi, bvivqbMÄ (&BDwbU-3)
A3: RvZxq wkÿvµg I cvV¨cy¯ÍK †evW© Gi 2027 wkÿve‡l©i cvV¨cy¯ÍK (gy`ªY, evavuB, mieivn) Kv‡Ri weeiY
A5: BDwbU-2 (Kz`ve, c~evBj, MvRxcyi) | O5: ZvwiLt 02.08.2026
A6: µ: | B6: ‡kÖbx | C6: jU bs | D6: jU msL¨v | E6: ‡gvU eB | F6: wcÖw›Us (B‡¤úªkb) | I6: wcÖw›Us (eB) | K6: evBwÛs | M6: ‡Wwjfvix | O6: ÷K eB | P6: Kv‡Ri nvi-% | S6: ‡Wwjfvix †kl ZvwiL
F7: ‡gvU B‡¤úªkb | G7: wcÖw›Us | H7: evwK | I7: wcÖw›Us (eB) | J7: evwK | K7: evBwÛs | L7: evwK | M7: ‡Wwjfvix | N7: evwK | P7: wcÖw›Us | Q7: evBwÛs | R7: ‡Wwjfvix
A8: 1 | B8: wcÖ-cÖvBgvix | C8: 123 | D8: Avgvi eB | E8: ='MSPL-2 (Class)'!K7 -> 66398 | F8: ='MSPL-2 (Class)'!R7 -> 713778.5 | G8: ='Top Sheet-(Class)'!L8 -> 0 | H8: =F8-G8 -> 713778.5 | I8: ='Top Sheet-(Class)'!N8 -> 0 | J8: =E8-I8 -> 66398 | K8: ='Top Sheet-(Class)'!P8 -> 0 | L8: =E8-K8 -> 66398 | M8: ='Top Sheet-(Class)'!R8 -> 0 | N8: =E8-M8 -> 66398 | O8: =K8-M8 -> 0 | P8: =G8/F8% -> 0 | Q8: =K8/E8% -> 0 | R8: =M8/E8% -> 0
D9: LvZv | E9: ='MSPL-2 (Class)'!K8 -> 66398 | F9: ='MSPL-2 (Class)'!R8 -> 564383 | G9: ='Top Sheet-(Class)'!L9 -> 0 | H9: =F9-G9 -> 564383 | I9: ='Top Sheet-(Class)'!N9 -> 0 | J9: =E9-I9 -> 66398 | K9: ='Top Sheet-(Class)'!P9 -> 0 | L9: =E9-K9 -> 66398 | M9: ='Top Sheet-(Class)'!R9 -> 0 | N9: =E9-M9 -> 66398 | O9: =K9-M9 -> 0 | P9: =G9/F9% -> 0 | Q9: =K9/E9% -> 0 | R9: =M9/E9% -> 0
A10: 2 | B10: cÖvBgvix | C10: 329- 338-347-375-401 | D10: 5wU | E10: ='MSPL-2 (Class)'!K70 -> 4031896 | F10: ='MSPL-2 (Class)'!R70 -> 31161631 | G10: ='Top Sheet-(Class)'!L10 -> 0 | H10: =F10-G10 -> 31161631 | I10: ='Top Sheet-(Class)'!N10 -> 0 | J10: =E10-I10 -> 4031896 | K10: ='Top Sheet-(Class)'!P10 -> 0 | L10: =E10-K10 -> 4031896 | M10: ='Top Sheet-(Class)'!R10 -> 0 | N10: =E10-M10 -> 4031896 | O10: =K10-M10 -> 0 | P10: =G10/F10% -> 0 | Q10: =K10/E10% -> 0 | R10: =M10/E10% -> 0
A11: 3 | B11: 7g | C11: 706-708-757-759-762 | D11: 5wU | E11: ='MSPL-2 (Class)'!K102 -> 2188607 | F11: ='MSPL-2 (Class)'!R102 -> 9928182.2 | G11: ='Top Sheet-(Class)'!L11 -> 0 | H11: =F11-G11 -> 9928182.2 | I11: ='Top Sheet-(Class)'!N11 -> 0 | J11: =E11-I11 -> 2188607 | K11: ='Top Sheet-(Class)'!P11 -> 0 | L11: =E11-K11 -> 2188607 | M11: ='Top Sheet-(Class)'!R11 -> 0 | N11: =E11-M11 -> 2188607 | O11: =K11-M11 -> 0 | P11: =G11/F11% -> 0 | Q11: =K11/E11% -> 0 | R11: =M11/E11% -> 0
A12: 4 | B12: beg-mvwnZ¨ | C12: 926-938-953-963 | D12: 4wU | E12: ='MSPL-2 (Class)'!K131 -> 1246343 | F12: ='MSPL-2 (Class)'!R131 -> 9731784.8 | G12: ='Top Sheet-(Class)'!L12 -> 0 | H12: =F12-G12 -> 9731784.8 | I12: ='Top Sheet-(Class)'!N12 -> 0 | J12: =E12-I12 -> 1246343 | K12: ='Top Sheet-(Class)'!P12 -> 0 | L12: =E12-K12 -> 1246343 | M12: ='Top Sheet-(Class)'!R12 -> 0 | N12: =E12-M12 -> 1246343 | O12: =K12-M12 -> 0 | P12: =G12/F12% -> 0 | Q12: =K12/E12% -> 0 | R12: =M12/E12% -> 0
A13: 5 | B13: beg-Kvjvi | C13: 1122 | D13: 1wU | E13: ='MSPL-2 (Class)'!K159 -> 295274 | F13: ='MSPL-2 (Class)'!R159 -> 4708344.5 | G13: ='Top Sheet-(Class)'!L13 -> 0 | H13: =F13-G13 -> 4708344.5 | I13: ='Top Sheet-(Class)'!N13 -> 0 | J13: =E13-I13 -> 295274 | K13: ='Top Sheet-(Class)'!P13 -> 0 | L13: =E13-K13 -> 295274 | M13: ='Top Sheet-(Class)'!R13 -> 0 | N13: =E13-M13 -> 295274 | O13: =K13-M13 -> 0 | P13: =G13/F13% -> 0 | Q13: =K13/E13% -> 0 | R13: =M13/E13% -> 0
A14: 6 | B14: beg-`vwLj | C14: 1055 | D14: 1wU | E14: ='MSPL-2 (Class)'!K206 -> 287460 | F14: ='MSPL-2 (Class)'!R206 -> 2363805 | G14: ='Top Sheet-(Class)'!L14 -> 0 | H14: =F14-G14 -> 2363805 | I14: ='Top Sheet-(Class)'!N14 -> 0 | J14: =E14-I14 -> 287460 | K14: ='Top Sheet-(Class)'!P14 -> 0 | L14: =E14-K14 -> 287460 | M14: ='Top Sheet-(Class)'!R14 -> 0 | N14: =E14-M14 -> 287460 | O14: =K14-M14 -> 0 | P14: =G14/F14% -> 0 | Q14: =K14/E14% -> 0 | R14: =M14/E14% -> 0
A15: me©‡gvU | D15: 17 wU | E15: =SUM(E8:E14) -> 8182376 | F15: =SUM(F8:F14) -> 59171909 | G15: =SUM(G8:G14) -> 0 | H15: =SUM(H8:H14) -> 59171909 | I15: =SUM(I8:I14) -> 0 | J15: =SUM(J8:J14) -> 8182376 | K15: =SUM(K8:K14) -> 0 | L15: =SUM(L8:L14) -> 8182376 | ... S15: =SUM(S8:S14) -> 0
A17: BDwbU-3 (Qbcvov, AvovBnvRvi, bvivqbMÄ)
A18: µ: | B18: ‡kÖbx | C18: jU bs | D18: jU msL¨v | E18: ‡gvU eB | F18: wcÖw›Us (B‡¤úªkb) | I18: wcÖw›Us (eB) | K18: evBwÛs | M18: ‡Wwjfvix | O18: ÷K eB | P18: Kv‡Ri nvi-% | S18: ‡Wwjfvix †kl ZvwiL
F19: ‡gvU B‡¤úªkb | G19: wcÖw›Us | H19: evwK | I19: wcÖw›Us (eB) | J19: evwK | K19: evBwÛs | L19: evwK | M19: ‡Wwjfvix | N19: evwK | P19: wcÖw›Us | Q19: evBwÛs | R19: ‡Wwjfvix
A20: 1 | B20: cÖvBgvix | C20: 376379 | D20: 2wU | E20: ='MSPL-3(Class)'!L34 -> 1396833 | F20: ='MSPL-3(Class)'!N34 -> 10754081 | G20: ='Top Sheet-(Class)'!L20 -> 0 | H20: =F20-G20 -> 10754081 | I20: ='Top Sheet-(Class)'!N20 -> 0 | J20: =E20-I20 -> 1396833 | K20: ='Top Sheet-(Class)'!P20 -> 0 | L20: =E20-K20 -> 1396833 | M20: ='Top Sheet-(Class)'!R20 -> 0 | N20: =E20-M20 -> 1396833 | O20: =K20-M20 -> 0 | P20: =G20/F20% -> 0 | Q20: =K20/E20% -> 0 | R20: =M20/E20% -> 0
A21: 2 | B21: Be‡Z`vqx | C21: 2022 | D21: 1wU | E21: ='MSPL-3(Class)'!L64 -> 862368 | F21: ='MSPL-3(Class)'!N64 -> 4873221.8 | G21: ='Top Sheet-(Class)'!L21 -> 0 | H21: =F21-G21 -> 4873221.8 | I21: ='Top Sheet-(Class)'!N21 -> 0 | J21: =E21-I21 -> 862368 | K21: ='Top Sheet-(Class)'!P21 -> 0 | L21: =E21-K21 -> 862368 | M21: ='Top Sheet-(Class)'!R21 -> 0 | N21: =E21-M21 -> 862368 | O21: =K21-M21 -> 0 | P21: =G21/F21% -> 0 | Q21: =K21/E21% -> 0 | R21: =M21/E21% -> 0
A22: 3 | B22: 6ô gva¨wgK | C22: 646 | D22: 1wU | E22: ='MSPL-3(Class)'!L102 -> 407322 | F22: ='MSPL-3(Class)'!N102 -> 1567424.8 | G22: ='Top Sheet-(Class)'!L22 -> 0 | H22: =F22-G22 -> 1567424.8 | I22: ='Top Sheet-(Class)'!N22 -> 0 | J22: =E22-I22 -> 407322 | K22: ='Top Sheet-(Class)'!P22 -> 0 | L22: =E22-K22 -> 407322 | M22: ='Top Sheet-(Class)'!R22 -> 0 | N22: =E22-M22 -> 407322 | O22: =K22-M22 -> 0 | P22: =G22/F22% -> 0 | Q22: =K22/E22% -> 0 | R22: =M22/E22% -> 0
A23: 4 | B23: 6ô `vwLj | C23: 667 | D23: 1wU | E23: ='MSPL-3(Class)'!L133 -> 693254 | F23: ='MSPL-3(Class)'!N133 -> 2768978.5 | G23: ='Top Sheet-(Class)'!L23 -> 0 | H23: =F23-G23 -> 2768978.5 | I23: ='Top Sheet-(Class)'!N23 -> 0 | J23: =E23-I23 -> 693254 | K23: ='Top Sheet-(Class)'!P23 -> 0 | L23: =E23-K23 -> 693254 | M23: ='Top Sheet-(Class)'!R23 -> 0 | N23: =E23-M23 -> 693254 | O23: =K23-M23 -> 0 | P23: =G23/F23% -> 0 | Q23: =K23/E23% -> 0 | R23: =M23/E23% -> 0
A24: 5 | B24: 8g gva¨wgK | C24: 834-843-854-865-872-877 | D24: 6wU | E24: ='MSPL-3(Class)'!L177 -> 2933769 | F24: ='MSPL-3(Class)'!N177 -> 14405581 | G24: ='Top Sheet-(Class)'!L24 -> 0 | H24: =F24-G24 -> 14405581 | I24: ='Top Sheet-(Class)'!N24 -> 0 | J24: =E24-I24 -> 2933769 | K24: ='Top Sheet-(Class)'!P24 -> 0 | L24: =E24-K24 -> 2933769 | M24: ='Top Sheet-(Class)'!R24 -> 0 | N24: =E24-M24 -> 2933769 | O24: =K24-M24 -> 0 | P24: =G24/F24% -> 0 | Q24: =K24/E24% -> 0 | R24: =M24/E24% -> 0
A25: me©‡gvU | D25: 11wU | E25: =SUM(E20:E24) -> 6293546 | F25: =SUM(F20:F24) -> 34369287 | G25: =SUM(G20:G24) -> 0 | H25: =SUM(H20:H24) -> 34369287 | I25: =SUM(I20:I24) -> 0 | J25: =SUM(J20:J24) -> 6293546 | K25: =SUM(K20:K24) -> 0 | L25: =SUM(L20:L24) -> 6293546 | ... O25: =SUM(O20:O24) -> 0 | P25: =G25/F25% -> 0 | Q25: =K25/E25% -> 0 | R25: =M25/E25% -> 0 | S25: =SUM(S20:S24) -> 0
A27: BDwbU-2 Ges BDwbU-3 me©‡gvU | D27: 28wU | E27: =E25+E15 -> 14475922 | F27: =F25+F15 -> 93541196 | G27: =G25+G15 -> 0 | H27: =H25+H15 -> 93541196 | I27: =I25+I15 -> 0 | J27: =J25+J15 -> 14475922 | K27: =K25+K15 -> 0 | L27: =L25+L15 -> 14475922 | ... O27: =O25+O15 -> 0 | P27: =G27/F27% -> 0 | Q27: =K27/E27% -> 0 | R27: =M27/E27% -> 0 | S27: =S25+S15 -> 0

Sheet Top Sheet-(Class)
A1: gvóvi wm‡g· †ccvi wjt
A2: Kz`ve, c~evBj, MvRxcyi (BDwbU-2) Qbcvov, AvovBnvRvi, bvivqbMÄ (&BDwbU-3)
A3: RvZxq wkÿvµg I cvV¨cy¯ÍK †evW© Gi 2027 wkÿve‡l©i cvV¨cy¯ÍK (gy`ªY, evavuB, mieivn) Kv‡Ri weeiY
A5: BDwbU-2 (Kz`ve, c~evBj, MvRxcyi)
A6: µ: | B6: ‡kÖbx | C6: jU bs | D6: jU msL¨v | E6: ‡gvU eB | F6: ‡cøU Pvwn`v | I6: Kfvi | K6: wcÖw›Us (B‡¤úªkb) | N6: wcÖw›Us (eB) | P6: evBwÛs | R6: ‡Wwjfvix | T6: ÷K eB | U6: ‡ccvi | Y6: evBwÛs Gi Rb¨ A‡cÿgvb | Z6: Kv‡Ri nvi-% | AC6: ‡Wwjfvix †kl ZvwiL
F7: Pvwn`v | G7: wiwmf | H7: evwK | I7: wiwmf | J7: evwK | K7: ‡gvU B‡¤úªkb | L7: wcÖw›Us | M7: evwK | N7: wcÖw›Us (eB) | O7: evwK | P7: evBwÛs | Q7: evwK | R7: ‡Wwjfvix | S7: evwK | U7: wig | V7: Ub | W7: e¨envi | X7: evwK | Z7: wcÖw›Us | AA7: evBwÛs | AB7: ‡Wwjfvix
A8: 1 | B8: wcÖ-cÖvBgvix | C8: 123 | D8: Avgvi eB | E8: ='MSPL-2 (Class)'!K7 -> 66398 | F8: ='MSPL-2 (Class)'!M7 -> 192 | G8: ='MSPL-2 (Class)'!N7 -> 0 | H8: ='MSPL-2 (Class)'!O7 -> 192 | I8: ='MSPL-2 (Class)'!P7 -> 0 | J8: ='MSPL-2 (Class)'!Q7 -> 66398 | K8: ='MSPL-2 (Class)'!R7 -> 713778.5 | L8: ='MSPL-2 (Class)'!S7 -> 0 | M8: ='MSPL-2 (Class)'!T7 -> 713778.5 | ... T8: ='MSPL-2 (Class)'!AA7 -> 0 | U8: ='MSPL-2 (Class)'!AD7 -> 1427.557 | V8: ='MSPL-2 (Class)'!AE7 -> 28.55114 | W8: ='MSPL-2 (Class)'!AF7 -> 0 | X8: ='MSPL-2 (Class)'!AG7 -> 28.55114 | Y8: ='MSPL-2 (Class)'!AC7 -> 0 | Z8: =L8/K8% -> 0 | AA8: =P8/E8% -> 0 | AB8: =R8/E8% -> 0
D9: LvZv | E9: ='MSPL-2 (Class)'!K8 -> 66398 | F9: ='MSPL-2 (Class)'!M8 -> 18 | G9: ='MSPL-2 (Class)'!N8 -> 0 | H9: ='MSPL-2 (Class)'!O8 -> 18 | I9: ='MSPL-2 (Class)'!P8 -> 0 | J9: ='MSPL-2 (Class)'!Q8 -> 66398 | K9: ='MSPL-2 (Class)'!R8 -> 564383 | L9: ='MSPL-2 (Class)'!S8 -> 0 | M9: ='MSPL-2 (Class)'!T8 -> 564383 | ... T9: ='MSPL-2 (Class)'!AA8 -> 0 | U9: ='MSPL-2 (Class)'!AD8 -> 1128.766 | V9: ='MSPL-2 (Class)'!AE8 -> 17.365631 | W9: ='MSPL-2 (Class)'!AF8 -> 0 | X9: ='MSPL-2 (Class)'!AG8 -> 17.365631 | Y9: ='MSPL-2 (Class)'!AC8 -> 0 | Z9: =L9/K9% -> 0 | AA9: =P9/E9% -> 0 | AB9: =R9/E9% -> 0
A10: 2 | B10: cÖvBgvix | C10: 329338347375401 | D10: 5wU | E10: ='MSPL-2 (Class)'!K70 -> 4031896 | F10: ='MSPL-2 (Class)'!M70 -> 4856 | G10: ='MSPL-2 (Class)'!N70 -> 0 | H10: ='MSPL-2 (Class)'!O70 -> 4856 | I10: ='MSPL-2 (Class)'!P70 -> 0 | J10: ='MSPL-2 (Class)'!Q70 -> 4031896 | K10: ='MSPL-2 (Class)'!R70 -> 31161631 | L10: ='MSPL-2 (Class)'!S70 -> 0 | M10: ='MSPL-2 (Class)'!T70 -> 31161631 | ... T10: ='MSPL-2 (Class)'!AA70 -> 0 | U10: ='MSPL-2 (Class)'!AD70 -> 62323.261 | V10: ='MSPL-2 (Class)'!AE70 -> 958.81941 | W10: ='MSPL-2 (Class)'!AF70 -> 0 | X10: ='MSPL-2 (Class)'!AG70 -> 958.81941 | Y10: ='MSPL-2 (Class)'!AC70 -> 0 | Z10: =L10/K10% -> 0 | AA10: =P10/E10% -> 0 | AB10: =R10/E10% -> 0
A11: 3 | B11: 7g | C11: 706708757759762 | D11: 5wU | E11: ='MSPL-2 (Class)'!K102 -> 2188607 | F11: ='MSPL-2 (Class)'!M102 -> 792 | G11: ='MSPL-2 (Class)'!N102 -> 0 | H11: ='MSPL-2 (Class)'!O102 -> 792 | I11: ='MSPL-2 (Class)'!P102 -> 0 | J11: ='MSPL-2 (Class)'!Q102 -> 2188607 | K11: ='MSPL-2 (Class)'!R102 -> 9928182.2 | L11: ='MSPL-2 (Class)'!S102 -> 0 | M11: ='MSPL-2 (Class)'!T102 -> 9928182.2 | ... T11: ='MSPL-2 (Class)'!AA102 -> 0 | U11: ='MSPL-2 (Class)'!AD102 -> 34834.248 | V11: ='MSPL-2 (Class)'!AE102 -> 464.45663 | W11: ='MSPL-2 (Class)'!AF102 -> 0 | X11: ='MSPL-2 (Class)'!AG102 -> 464.45663 | Y11: ='MSPL-2 (Class)'!AC102 -> 0 | Z11: =L11/K11% -> 0 | AA11: =P11/E11% -> 0 | AB11: =R11/E11% -> 0
A12: 4 | B12: beg-mvwnZ¨ | C12: 926938953963 | D12: 4wU | E12: ='MSPL-2 (Class)'!K131 -> 1246343 | F12: ='MSPL-2 (Class)'!M131 -> 752 | G12: ='MSPL-2 (Class)'!N131 -> 0 | H12: ='MSPL-2 (Class)'!O131 -> 752 | I12: ='MSPL-2 (Class)'!P131 -> 0 | J12: ='MSPL-2 (Class)'!Q131 -> 1246343 | K12: ='MSPL-2 (Class)'!R131 -> 9731784.8 | L12: ='MSPL-2 (Class)'!S131 -> 0 | M12: ='MSPL-2 (Class)'!T131 -> 9731784.8 | ... T12: ='MSPL-2 (Class)'!AA131 -> 0 | U12: ='MSPL-2 (Class)'!AD131 -> 37139.76 | V12: ='MSPL-2 (Class)'!AE131 -> 495.19679 | W12: ='MSPL-2 (Class)'!AF131 -> 0 | X12: ='MSPL-2 (Class)'!AG131 -> 495.19679 | Y12: ='MSPL-2 (Class)'!AC131 -> 0 | Z12: =L12/K12% -> 0 | AA12: =P12/E12% -> 0 | AB12: =R12/E12% -> 0
A13: 5 | B13: beg-Kvjvi | C13: 1122 | D13: 1wU | E13: ='MSPL-2 (Class)'!K159 -> 295274 | F13: ='MSPL-2 (Class)'!M159 -> 1400 | G13: ='MSPL-2 (Class)'!N159 -> 0 | H13: ='MSPL-2 (Class)'!O159 -> 1400 | I13: ='MSPL-2 (Class)'!P159 -> 0 | J13: ='MSPL-2 (Class)'!Q159 -> 295274 | K13: ='MSPL-2 (Class)'!R159 -> 4708344.5 | L13: ='MSPL-2 (Class)'!S159 -> 0 | M13: ='MSPL-2 (Class)'!T159 -> 4708344.5 | ... T13: ='MSPL-2 (Class)'!AA159 -> 0 | U13: ='MSPL-2 (Class)'!AD159 -> 9416.689 | V13: ='MSPL-2 (Class)'!AE159 -> 125.55585 | W13: ='MSPL-2 (Class)'!AF159 -> 0 | X13: ='MSPL-2 (Class)'!AG159 -> 125.55585 | Y13: ='MSPL-2 (Class)'!AC159 -> 0 | Z13: =L13/K13% -> 0 | AA13: =P13/E13% -> 0 | AB13: =R13/E13% -> 0
A14: 6 | B14: beg-`vwLj | C14: 1055 | D14: 1wU | E14: ='MSPL-2 (Class)'!K206 -> 287460 | F14: ='MSPL-2 (Class)'!M206 -> 578 | G14: ='MSPL-2 (Class)'!N206 -> 0 | H14: ='MSPL-2 (Class)'!O206 -> 578 | I14: ='MSPL-2 (Class)'!P206 -> 0 | J14: ='MSPL-2 (Class)'!Q206 -> 287460 | K14: ='MSPL-2 (Class)'!R206 -> 2363805 | L14: ='MSPL-2 (Class)'!S206 -> 0 | M14: ='MSPL-2 (Class)'!T206 -> 2363805 | ... T14: ='MSPL-2 (Class)'!AA206 -> 0 | U14: ='MSPL-2 (Class)'!AD206 -> 8915.73 | V14: ='MSPL-2 (Class)'!AE206 -> 118.8764 | W14: ='MSPL-2 (Class)'!AF206 -> 0 | X14: ='MSPL-2 (Class)'!AG206 -> 118.8764 | Y14: ='MSPL-2 (Class)'!AC206 -> 0 | Z14: =L14/K14% -> 0 | AA14: =P14/E14% -> 0 | AB14: =R14/E14% -> 0
A15: me©‡gvU | D15: 17 wU | E15: =SUM(E8:E14) -> 8182376 | F15: =SUM(F8:F14) -> 8588 | G15: =SUM(G8:G14) -> 0 | H15: =SUM(H8:H14) -> 8588 | I15: =SUM(I8:I14) -> 0 | J15: =SUM(J8:J14) -> 8182376 | K15: =SUM(K8:K14) -> 59171909 | L15: =SUM(L8:L14) -> 0 | ... AC15: =SUM(AC8:AC14) -> 0
A17: BDwbU-3 (Qbcvov, AvovBnvRvi, bvivqbMÄ)
A18: µ: | B18: ‡kÖbx | C18: jU bs | D18: jU msL¨v | E18: ‡gvU eB | F18: ‡cøU Pvwn`v | I18: Kfvi | K18: wcÖw›Us (B‡¤úªkb) | N18: wcÖw›Us (eB) | P18: evBwÛs | R18: ‡Wwjfvix | T18: ÷K eB | U18: ‡ccvi | Y18: evBwÛs Gi Rb¨ A‡cÿgvb | Z18: Kv‡Ri nvi-% | AC18: ‡Wwjfvix †kl ZvwiL
F19: Pvwn`v | G19: wiwmf | H19: evwK | I19: wiwmf | J19: evwK | K19: ‡gvU B‡¤úªkb | L19: wcÖw›Us | M19: evwK | N19: wcÖw›Us (eB) | O19: evwK | P19: evBwÛs | Q19: evwK | R19: ‡Wwjfvix | S19: evwK | U19: wig | V19: Ub | W19: e¨envi | X19: evwK | Z19: wcÖw›Us | AA19: evBwÛs | AB19: ‡Wwjfvix
A20: 1 | B20: cÖvBgvix | C20: 376379 | D20: 2wU | E20: ='MSPL-3(Class)'!L34 -> 1396833 | K20: ='MSPL-3(Class)'!N34 -> 10754081 | L20: ='MSPL-3(Class)'!O34 -> 0 | M20: ='MSPL-3(Class)'!P34 -> 10754081 | N20: ='MSPL-3(Class)'!Q34 -> 0 | O20: ='MSPL-3(Class)'!R34 -> 1396833 | P20: ='MSPL-3(Class)'!S34 -> 0 | Q20: ='MSPL-3(Class)'!T34 -> 1396833 | R20: ='MSPL-3(Class)'!U34 -> 0 | ... T20: ='MSPL-3(Class)'!W34 -> 0 | U20: ='MSPL-3(Class)'!Z34 -> 21508.162 | V20: ='MSPL-3(Class)'!AA34 -> 330.8948 | W20: ='MSPL-3(Class)'!AB34 -> 0 | X20: ='MSPL-3(Class)'!AC34 -> 330.8948 | Y20: ='MSPL-3(Class)'!Y34 -> 0 | Z20: =L20/K20% -> 0 | AA20: =P20/E20% -> 0 | AB20: =R20/E20% -> 0
A21: 2 | B21: Be‡Z`vqx | C21: 2022 | D21: 1wU | E21: ='MSPL-3(Class)'!L64 -> 862368 | K21: ='MSPL-3(Class)'!N64 -> 4873221.8 | L21: ='MSPL-3(Class)'!O64 -> 0 | M21: ='MSPL-3(Class)'!P64 -> 4873221.8 | N21: ='MSPL-3(Class)'!Q64 -> 0 | O21: ='MSPL-3(Class)'!R64 -> 862368 | P21: ='MSPL-3(Class)'!S64 -> 0 | Q21: ='MSPL-3(Class)'!T64 -> 862368 | R21: ='MSPL-3(Class)'!U64 -> 0 | ... T21: ='MSPL-3(Class)'!W64 -> 0 | U21: ='MSPL-3(Class)'!Z64 -> 9746.4435 | V21: ='MSPL-3(Class)'!AA64 -> 149.94528 | W21: ='MSPL-3(Class)'!AB64 -> 0 | X21: ='MSPL-3(Class)'!AC64 -> 149.94528 | Y21: ='MSPL-3(Class)'!Y64 -> 0 | Z21: =L21/K21% -> 0 | AA21: =P21/E21% -> 0 | AB21: =R21/E21% -> 0
A22: 3 | B22: 6ô gva¨wgK | C22: 646 | D22: 1wU | E22: ='MSPL-3(Class)'!L102 -> 407322 | K22: ='MSPL-3(Class)'!N102 -> 1567424.8 | L22: ='MSPL-3(Class)'!O102 -> 0 | M22: ='MSPL-3(Class)'!P102 -> 1567424.8 | N22: ='MSPL-3(Class)'!Q102 -> 0 | O22: ='MSPL-3(Class)'!R102 -> 407322 | P22: ='MSPL-3(Class)'!S102 -> 0 | Q22: ='MSPL-3(Class)'!T102 -> 407322 | R22: ='MSPL-3(Class)'!U102 -> 0 | ... T22: ='MSPL-3(Class)'!W102 -> 0 | U22: ='MSPL-3(Class)'!Z102 -> 5418.2295 | V22: ='MSPL-3(Class)'!AA102 -> 72.24306 | W22: ='MSPL-3(Class)'!AB102 -> 0 | X22: ='MSPL-3(Class)'!AC102 -> 72.24306 | Y22: ='MSPL-3(Class)'!Y102 -> 0 | Z22: =L22/K22% -> 0 | AA22: =P22/E22% -> 0 | AB22: =R22/E22% -> 0
A23: 4 | B23: 6ô `vwLj | C23: 667 | D23: 1wU | E23: ='MSPL-3(Class)'!L133 -> 693254 | K23: ='MSPL-3(Class)'!N133 -> 2768978.5 | L23: ='MSPL-3(Class)'!O133 -> 0 | M23: ='MSPL-3(Class)'!P133 -> 2768978.5 | N23: ='MSPL-3(Class)'!Q133 -> 0 | O23: ='MSPL-3(Class)'!R133 -> 693254 | P23: ='MSPL-3(Class)'!S133 -> 0 | Q23: ='MSPL-3(Class)'!T133 -> 693254 | R23: ='MSPL-3(Class)'!U133 -> 0 | ... T23: ='MSPL-3(Class)'!W133 -> 0 | U23: ='MSPL-3(Class)'!Z133 -> 10012.573 | V23: ='MSPL-3(Class)'!AA133 -> 133.50097 | W23: ='MSPL-3(Class)'!AB133 -> 0 | X23: ='MSPL-3(Class)'!AC133 -> 133.50097 | Y23: ='MSPL-3(Class)'!Y133 -> 0 | Z23: =L23/K23% -> 0 | AA23: =P23/E23% -> 0 | AB23: =R23/E23% -> 0
A24: 5 | B24: 8g gva¨wgK | C24: 834-843-854-865-872-877 | D24: 6wU | E24: ='MSPL-3(Class)'!L177 -> 2933769 | K24: ='MSPL-3(Class)'!N177 -> 14405581 | L24: ='MSPL-3(Class)'!O177 -> 0 | M24: ='MSPL-3(Class)'!P177 -> 14405581 | N24: ='MSPL-3(Class)'!Q177 -> 0 | O24: ='MSPL-3(Class)'!R177 -> 2933769 | P24: ='MSPL-3(Class)'!S177 -> 0 | Q24: ='MSPL-3(Class)'!T177 -> 2933769 | R24: ='MSPL-3(Class)'!U177 -> 0 | ... T24: ='MSPL-3(Class)'!W177 -> 0 | U24: ='MSPL-3(Class)'!Z177 -> 53170.316 | V24: ='MSPL-3(Class)'!AA177 -> 708.93755 | W24: ='MSPL-3(Class)'!AB177 -> 0 | X24: ='MSPL-3(Class)'!AC177 -> 708.93755 | Y24: ='MSPL-3(Class)'!Y177 -> 0 | Z24: =L24/K24% -> 0 | AA24: =P24/E24% -> 0 | AB24: =R24/E24% -> 0
A25: me©‡gvU | D25: 11wU | E25: =SUM(E20:E24) -> 6293546 | K25: =SUM(K20:K24) -> 34369287 | L25: =SUM(L20:L24) -> 0 | M25: =SUM(M20:M24) -> 34369287 | N25: =SUM(N20:N24) -> 0 | O25: =SUM(O20:O24) -> 6293546 | P25: =SUM(P20:P24) -> 0 | Q25: =SUM(Q20:Q24) -> 6293546 | R25: =SUM(R20:R24) -> 0 | ... Y25: =SUM(Y20:Y24) -> 0 | Z25: =L25/K25% -> 0 | AA25: =P25/E25% -> 0 | AB25: =R25/E25% -> 0
A27: BDwbU-2 Ges BDwbU-3 me©‡gvU | D27: 28wU | E27: =E15+E25 -> 14475922 | F27: =F15+F25 -> 8588 | G27: =G15+G25 -> 0 | H27: =H15+H25 -> 8588 | I27: =I15+I25 -> 0 | J27: =J15+J25 -> 8182376 | K27: =K15+K25 -> 93541196 | L27: =L15+L25 -> 0 | ... Y27: =Y15+Y25 -> 0 | Z27: =L27/K27% -> 0 | AA27: =P27/E27% -> 0 | AB27: =R27/E27% -> 0

Sheet Top Sheet-(Lot)
A1: gvóvi wm‡g· †ccvi wjt
A2: Kz`ve, c~evBj, MvRxcyi (BDwbU-2) Qbcvov, AvovBnvRvi, bvivqbMÄ (&BDwbU-3)
A3: RvZxq wkÿvµg I cvV¨cy¯ÍK †evW© Gi 2027 wkÿve‡l©i cvV¨cy¯ÍK (gy`ªY, evavuB, mieivn) Kv‡Ri weeiY
A5: BDwbU-2 (Kz`ve, c~evBj, MvRxcyi) | R5: ZvwiL: 03/08/2026
A6: µ: | B6: ‡kÖbx | C6: jU msL¨v | D6: ‡gvU eB | E6: wcÖw›Us (B‡¤úªkb) | H6: wcÖw›Us (eB) | J6: evBwÛs | L6: ‡Wwjfvix | N6: ÷K eB | O6: Kv‡Ri nvi-% | R6: ‡Wwjfvix †kl ZvwiL | S6: ‡ccvi
E7: ‡gvU B‡¤úªkb | F7: wcÖw›Us | G7: evwK | H7: wcÖw›Us (eB) | I7: evwK | J7: evBwÛs | K7: evwK | L7: ‡Wwjfvix | M7: evwK | O7: wcÖw›Us | P7: evBwÛs | Q7: ‡Wwjfvix | S7: wig | T7: Ub | U7: e¨envi | V7: evwK
A8: 1 | B8: wcÖ-cÖvBgvix | C8: Avgvi eB | D8: ='MSPL-2(LOT)'!E7 -> 66398 | E8: ='MSPL-2(LOT)'!G7 -> 713778.5 | F8: ='MSPL-2(LOT)'!H7 -> 0 | G8: ='MSPL-2(LOT)'!I7 -> 713778.5 | H8: ='MSPL-2(LOT)'!J7 -> 0 | I8: ='MSPL-2(LOT)'!K7 -> 66398 | J8: ='MSPL-2(LOT)'!L7 -> 0 | K8: ='MSPL-2(LOT)'!M7 -> 66398 | L8: ='MSPL-2(LOT)'!N7 -> 0 | ... N8: ='MSPL-2(LOT)'!P7 -> 0 | O8: =F8/E8% -> 0 | P8: =J8/D8% -> 0 | Q8: =L8/D8% -> 0 | S8: ='MSPL-2(LOT)'!R7 -> 1427.557 | T8: ='MSPL-2(LOT)'!S7 -> 28.55114 | U8: ='MSPL-2(LOT)'!T7 -> 0 | V8: ='MSPL-2(LOT)'!U7 -> 28.55114
C9: LvZv | D9: ='MSPL-2(LOT)'!E8 -> 66398 | E9: ='MSPL-2(LOT)'!G8 -> 564383 | F9: ='MSPL-2(LOT)'!H8 -> 0 | G9: ='MSPL-2(LOT)'!I8 -> 564383 | H9: ='MSPL-2(LOT)'!J8 -> 0 | I9: ='MSPL-2(LOT)'!K8 -> 66398 | J9: ='MSPL-2(LOT)'!L8 -> 0 | K9: ='MSPL-2(LOT)'!M8 -> 66398 | L9: ='MSPL-2(LOT)'!N8 -> 0 | ... N9: ='MSPL-2(LOT)'!P8 -> 0 | O9: =F9/E9% -> 0 | P9: =J9/D9% -> 0 | Q9: =L9/D9% -> 0 | S9: ='MSPL-2(LOT)'!R8 -> 1128.766 | T9: ='MSPL-2(LOT)'!S8 -> 17.365631 | U9: ='MSPL-2(LOT)'!T8 -> 0 | V9: ='MSPL-2(LOT)'!U8 -> 17.365631
A10: 2 | B10: cÖvBgvix | C10: 329 | D10: ='MSPL-2(LOT)'!E67 -> 834870 | E10: ='MSPL-2(LOT)'!G67 -> 6422471 | F10: ='MSPL-2(LOT)'!H67 -> 0 | G10: ='MSPL-2(LOT)'!I67 -> 6422471 | H10: ='MSPL-2(LOT)'!J67 -> 0 | I10: ='MSPL-2(LOT)'!K67 -> 834870 | J10: ='MSPL-2(LOT)'!L67 -> 0 | K10: ='MSPL-2(LOT)'!M67 -> 834870 | L10: ='MSPL-2(LOT)'!N67 -> 0 | ... N10: ='MSPL-2(LOT)'!P67 -> 0 | O10: =F10/E10% -> 0 | P10: =J10/D10% -> 0 | Q10: =L10/D10% -> 0 | S10: ='MSPL-2(LOT)'!R67 -> 12844.942 | T10: ='MSPL-2(LOT)'!S67 -> 197.61449 | U10: ='MSPL-2(LOT)'!T67 -> 0 | V10: ='MSPL-2(LOT)'!U67 -> 197.61449
C11: 338 | D11: ='MSPL-2(LOT)'!E104 -> 806057 | E11: ='MSPL-2(LOT)'!G104 -> 6232721 | F11: ='MSPL-2(LOT)'!H104 -> 0 | G11: ='MSPL-2(LOT)'!I104 -> 6232721 | H11: ='MSPL-2(LOT)'!J104 -> 0 | I11: ='MSPL-2(LOT)'!K104 -> 806057 | J11: ='MSPL-2(LOT)'!L104 -> 0 | K11: ='MSPL-2(LOT)'!M104 -> 806057 | L11: ='MSPL-2(LOT)'!N104 -> 0 | ... N11: ='MSPL-2(LOT)'!P104 -> 0 | O11: =F11/E11% -> 0 | P11: =J11/D11% -> 0 | Q11: =L11/D11% -> 0 | S11: ='MSPL-2(LOT)'!R104 -> 12465.442 | T11: ='MSPL-2(LOT)'!S104 -> 191.77603 | U11: ='MSPL-2(LOT)'!T104 -> 0 | V11: ='MSPL-2(LOT)'!U104 -> 191.77603
C12: 347 | D12: ='MSPL-2(LOT)'!E141 -> 874367 | E12: ='MSPL-2(LOT)'!G141 -> 6737695.2 | F12: ='MSPL-2(LOT)'!H141 -> 0 | G12: ='MSPL-2(LOT)'!I141 -> 6737695.2 | H12: ='MSPL-2(LOT)'!J141 -> 0 | I12: ='MSPL-2(LOT)'!K141 -> 874367 | J12: ='MSPL-2(LOT)'!L141 -> 0 | K12: ='MSPL-2(LOT)'!M141 -> 874367 | L12: ='MSPL-2(LOT)'!N141 -> 0 | ... N12: ='MSPL-2(LOT)'!P141 -> 0 | O12: =F12/E12% -> 0 | P12: =J12/D12% -> 0 | Q12: =L12/D12% -> 0 | S12: ='MSPL-2(LOT)'!R141 -> 13475.391 | T12: ='MSPL-2(LOT)'!S141 -> 207.3137 | U12: ='MSPL-2(LOT)'!T141 -> 0 | V12: ='MSPL-2(LOT)'!U141 -> 207.3137
C13: 375 | D13: ='MSPL-2(LOT)'!E178 -> 888748 | E13: ='MSPL-2(LOT)'!G178 -> 6860589.5 | F13: ='MSPL-2(LOT)'!H178 -> 0 | G13: ='MSPL-2(LOT)'!I178 -> 6860589.5 | H13: ='MSPL-2(LOT)'!J178 -> 0 | I13: ='MSPL-2(LOT)'!K178 -> 888748 | J13: ='MSPL-2(LOT)'!L178 -> 0 | K13: ='MSPL-2(LOT)'!M178 -> 888748 | L13: ='MSPL-2(LOT)'!N178 -> 0 | ... N13: ='MSPL-2(LOT)'!P178 -> 0 | O13: =F13/E13% -> 0 | P13: =J13/D13% -> 0 | Q13: =L13/D13% -> 0 | S13: ='MSPL-2(LOT)'!R178 -> 13721.179 | T13: ='MSPL-2(LOT)'!S178 -> 211.09506 | U13: ='MSPL-2(LOT)'!T178 -> 0 | V13: ='MSPL-2(LOT)'!U178 -> 211.09506
C14: 401 | D14: ='MSPL-2(LOT)'!E215 -> 627854 | E14: ='MSPL-2(LOT)'!G215 -> 4908154 | F14: ='MSPL-2(LOT)'!H215 -> 0 | G14: ='MSPL-2(LOT)'!I215 -> 4908154 | H14: ='MSPL-2(LOT)'!J215 -> 0 | I14: ='MSPL-2(LOT)'!K215 -> 627854 | J14: ='MSPL-2(LOT)'!L215 -> 0 | K14: ='MSPL-2(LOT)'!M215 -> 627854 | L14: ='MSPL-2(LOT)'!N215 -> 0 | ... N14: ='MSPL-2(LOT)'!P215 -> 0 | O14: =F14/E14% -> 0 | P14: =J14/D14% -> 0 | Q14: =L14/D14% -> 0 | S14: ='MSPL-2(LOT)'!R215 -> 9816.308 | T14: ='MSPL-2(LOT)'!S215 -> 151.02012 | U14: ='MSPL-2(LOT)'!T215 -> 0 | V14: ='MSPL-2(LOT)'!U215 -> 151.02012
A15: 3 | B15: 7g | C15: 706 | D15: ='MSPL-2(LOT)'!E247 -> 385310 | E15: ='MSPL-2(LOT)'!G247 -> 1747602.8 | F15: ='MSPL-2(LOT)'!H247 -> 0 | G15: ='MSPL-2(LOT)'!I247 -> 1747602.8 | H15: ='MSPL-2(LOT)'!J247 -> 0 | I15: ='MSPL-2(LOT)'!K247 -> 385310 | J15: ='MSPL-2(LOT)'!L247 -> 0 | K15: ='MSPL-2(LOT)'!M247 -> 385310 | L15: ='MSPL-2(LOT)'!N247 -> 0 | ... N15: ='MSPL-2(LOT)'!P247 -> 0 | O15: =F15/E15% -> 0 | P15: =J15/D15% -> 0 | Q15: =L15/D15% -> 0 | S15: ='MSPL-2(LOT)'!R247 -> 6119.5505 | T15: ='MSPL-2(LOT)'!S247 -> 81.594007 | U15: ='MSPL-2(LOT)'!T247 -> 0 | V15: ='MSPL-2(LOT)'!U247 -> 81.594007
C16: 708 | D16: ='MSPL-2(LOT)'!E279 -> 490170 | E16: ='MSPL-2(LOT)'!G279 -> 2239361.2 | F16: ='MSPL-2(LOT)'!H279 -> 0 | G16: ='MSPL-2(LOT)'!I279 -> 2239361.2 | H16: ='MSPL-2(LOT)'!J279 -> 0 | I16: ='MSPL-2(LOT)'!K279 -> 490170 | J16: ='MSPL-2(LOT)'!L279 -> 0 | K16: ='MSPL-2(LOT)'!M279 -> 490170 | L16: ='MSPL-2(LOT)'!N279 -> 0 | ... N16: ='MSPL-2(LOT)'!P279 -> 0 | O16: =F16/E16% -> 0 | P16: =J16/D16% -> 0 | Q16: =L16/D16% -> 0 | S16: ='MSPL-2(LOT)'!R279 -> 7867.1375 | T16: ='MSPL-2(LOT)'!S279 -> 104.89517 | U16: ='MSPL-2(LOT)'!T279 -> 0 | V16: ='MSPL-2(LOT)'!U279 -> 104.89517
C17: 757 | D17: ='MSPL-2(LOT)'!E311 -> 419685 | E17: ='MSPL-2(LOT)'!G311 -> 1894800 | F17: ='MSPL-2(LOT)'!H311 -> 0 | G17: ='MSPL-2(LOT)'!I311 -> 1894800 | H17: ='MSPL-2(LOT)'!J311 -> 0 | I17: ='MSPL-2(LOT)'!K311 -> 419685 | J17: ='MSPL-2(LOT)'!L311 -> 0 | K17: ='MSPL-2(LOT)'!M311 -> 419685 | L17: ='MSPL-2(LOT)'!N311 -> 0 | ... N17: ='MSPL-2(LOT)'!P311 -> 0 | O17: =F17/E17% -> 0 | P17: =J17/D17% -> 0 | Q17: =L17/D17% -> 0 | S17: ='MSPL-2(LOT)'!R311 -> 6638.845 | T17: ='MSPL-2(LOT)'!S311 -> 88.517933 | U17: ='MSPL-2(LOT)'!T311 -> 0 | V17: ='MSPL-2(LOT)'!U311 -> 88.517933
C18: 759 | D18: ='MSPL-2(LOT)'!E343 -> 589637 | E18: ='MSPL-2(LOT)'!G343 -> 2669929.5 | F18: ='MSPL-2(LOT)'!H343 -> 0 | G18: ='MSPL-2(LOT)'!I343 -> 2669929.5 | H18: ='MSPL-2(LOT)'!J343 -> 0 | I18: ='MSPL-2(LOT)'!K343 -> 589637 | J18: ='MSPL-2(LOT)'!L343 -> 0 | K18: ='MSPL-2(LOT)'!M343 -> 589637 | L18: ='MSPL-2(LOT)'!N343 -> 0 | ... N18: ='MSPL-2(LOT)'!P343 -> 0 | O18: =F18/E18% -> 0 | P18: =J18/D18% -> 0 | Q18: =L18/D18% -> 0 | S18: ='MSPL-2(LOT)'!R343 -> 9367.9795 | T18: ='MSPL-2(LOT)'!S343 -> 124.90639 | U18: ='MSPL-2(LOT)'!T343 -> 0 | V18: ='MSPL-2(LOT)'!U343 -> 124.90639
C19: 862 | D19: ='MSPL-2(LOT)'!E375 -> 303805 | E19: ='MSPL-2(LOT)'!G375 -> 1376488.8 | F19: ='MSPL-2(LOT)'!H375 -> 0 | G19: ='MSPL-2(LOT)'!I375 -> 1376488.8 | H19: ='MSPL-2(LOT)'!J375 -> 0 | I19: ='MSPL-2(LOT)'!K375 -> 303805 | J19: ='MSPL-2(LOT)'!L375 -> 0 | K19: ='MSPL-2(LOT)'!M375 -> 303805 | L19: ='MSPL-2(LOT)'!N375 -> 0 | ... N19: ='MSPL-2(LOT)'!P375 -> 0 | O19: =F19/E19% -> 0 | P19: =J19/D19% -> 0 | Q19: =L19/D19% -> 0 | S19: ='MSPL-2(LOT)'!R375 -> 4840.735 | T19: ='MSPL-2(LOT)'!S375 -> 64.543133 | U19: ='MSPL-2(LOT)'!T375 -> 0 | V19: ='MSPL-2(LOT)'!U375 -> 64.543133
A20: 4 | B20: beg-mvwnZ¨ | C20: 926 | D20: ='MSPL-2(LOT)'!E401 -> 305465 | E20: ='MSPL-2(LOT)'!G401 -> 2445997.5 | F20: ='MSPL-2(LOT)'!H401 -> 0 | G20: ='MSPL-2(LOT)'!I401 -> 2445997.5 | H20: ='MSPL-2(LOT)'!J401 -> 0 | I20: ='MSPL-2(LOT)'!K401 -> 305465 | J20: ='MSPL-2(LOT)'!L401 -> 0 | K20: ='MSPL-2(LOT)'!M401 -> 305465 | L20: ='MSPL-2(LOT)'!N401 -> 0 | ... N20: ='MSPL-2(LOT)'!P401 -> 0 | O20: =F20/E20% -> 0 | P20: =J20/D20% -> 0 | Q20: =L20/D20% -> 0 | S20: ='MSPL-2(LOT)'!R401 -> 9340.845 | T20: ='MSPL-2(LOT)'!S401 -> 124.5446 | U20: ='MSPL-2(LOT)'!T401 -> 0 | V20: ='MSPL-2(LOT)'!U401 -> 124.5446
C21: 938 | D21: ='MSPL-2(LOT)'!E434 -> 346380 | E21: ='MSPL-2(LOT)'!G434 -> 2716987.5 | F21: ='MSPL-2(LOT)'!H434 -> 0 | G21: ='MSPL-2(LOT)'!I434 -> 2716987.5 | H21: ='MSPL-2(LOT)'!J434 -> 0 | I21: ='MSPL-2(LOT)'!K434 -> 346380 | J21: ='MSPL-2(LOT)'!L434 -> 0 | K21: ='MSPL-2(LOT)'!M434 -> 346380 | L21: ='MSPL-2(LOT)'!N434 -> 0 | ... N21: ='MSPL-2(LOT)'!P434 -> 0 | O21: =F21/E21% -> 0 | P21: =J21/D21% -> 0 | Q21: =L21/D21% -> 0 | S21: ='MSPL-2(LOT)'!R434 -> 10335.755 | T21: ='MSPL-2(LOT)'!S434 -> 137.81007 | U21: ='MSPL-2(LOT)'!T434 -> 0 | V21: ='MSPL-2(LOT)'!U434 -> 137.81007
C22: 953 | D22: ='MSPL-2(LOT)'!E467 -> 288238 | E22: ='MSPL-2(LOT)'!G467 -> 2210764 | F22: ='MSPL-2(LOT)'!H467 -> 0 | G22: ='MSPL-2(LOT)'!I467 -> 2210764 | H22: ='MSPL-2(LOT)'!J467 -> 0 | I22: ='MSPL-2(LOT)'!K467 -> 288238 | J22: ='MSPL-2(LOT)'!L467 -> 0 | K22: ='MSPL-2(LOT)'!M467 -> 288238 | L22: ='MSPL-2(LOT)'!N467 -> 0 | ... N22: ='MSPL-2(LOT)'!P467 -> 0 | O22: =F22/E22% -> 0 | P22: =J22/D22% -> 0 | Q22: =L22/D22% -> 0 | S22: ='MSPL-2(LOT)'!R467 -> 8474.296 | T22: ='MSPL-2(LOT)'!S467 -> 112.99061 | U22: ='MSPL-2(LOT)'!T467 -> 0 | V22: ='MSPL-2(LOT)'!U467 -> 112.99061
C23: 963 | D23: ='MSPL-2(LOT)'!E498 -> 306260 | E23: ='MSPL-2(LOT)'!G498 -> 2358035.8 | F23: ='MSPL-2(LOT)'!H498 -> 0 | G23: ='MSPL-2(LOT)'!I498 -> 2358035.8 | H23: ='MSPL-2(LOT)'!J498 -> 0 | I23: ='MSPL-2(LOT)'!K498 -> 306260 | J23: ='MSPL-2(LOT)'!L498 -> 0 | K23: ='MSPL-2(LOT)'!M498 -> 306260 | L23: ='MSPL-2(LOT)'!N498 -> 0 | ... N23: ='MSPL-2(LOT)'!P498 -> 0 | O23: =F23/E23% -> 0 | P23: =J23/D23% -> 0 | Q23: =L23/D23% -> 0 | S23: ='MSPL-2(LOT)'!R498 -> 8988.8635 | T23: ='MSPL-2(LOT)'!S498 -> 119.85151 | U23: ='MSPL-2(LOT)'!T498 -> 0 | V23: ='MSPL-2(LOT)'!U498 -> 119.85151
A24: 5 | B24: beg-Kvjvi | C24: 1122 | D24: ='MSPL-2(LOT)'!E524 -> 295274 | E24: ='MSPL-2(LOT)'!G524 -> 4708344.5 | F24: ='MSPL-2(LOT)'!H524 -> 0 | G24: ='MSPL-2(LOT)'!I524 -> 4708344.5 | H24: ='MSPL-2(LOT)'!J524 -> 0 | I24: ='MSPL-2(LOT)'!K524 -> 295274 | J24: ='MSPL-2(LOT)'!L524 -> 0 | K24: ='MSPL-2(LOT)'!M524 -> 295274 | L24: ='MSPL-2(LOT)'!N524 -> 0 | ... N24: ='MSPL-2(LOT)'!P524 -> 0 | O24: =F24/E24% -> 0 | P24: =J24/D24% -> 0 | Q24: =L24/D24% -> 0 | S24: ='MSPL-2(LOT)'!R524 -> 9416.689 | T24: ='MSPL-2(LOT)'!S524 -> 125.55585 | U24: ='MSPL-2(LOT)'!T524 -> 0 | V24: ='MSPL-2(LOT)'!U524 -> 125.55585
A25: 6 | B25: beg-`vwLj | C25: 1055 | D25: ='MSPL-2(LOT)'!E567 -> 287460 | E25: ='MSPL-2(LOT)'!G567 -> 2363805 | F25: ='MSPL-2(LOT)'!H567 -> 0 | G25: ='MSPL-2(LOT)'!I567 -> 2363805 | H25: ='MSPL-2(LOT)'!J567 -> 0 | I25: ='MSPL-2(LOT)'!K567 -> 287460 | J25: ='MSPL-2(LOT)'!L567 -> 0 | K25: ='MSPL-2(LOT)'!M567 -> 287460 | L25: ='MSPL-2(LOT)'!N567 -> 0 | ... N25: ='MSPL-2(LOT)'!P567 -> 0 | O25: =F25/E25% -> 0 | P25: =J25/D25% -> 0 | Q25: =L25/D25% -> 0 | S25: ='MSPL-2(LOT)'!R567 -> 8915.73 | T25: ='MSPL-2(LOT)'!S567 -> 118.8764 | U25: ='MSPL-2(LOT)'!T567 -> 0 | V25: ='MSPL-2(LOT)'!U567 -> 118.8764
A26: me©‡gvU | D26: =SUM(D8:D25) -> 8182376 | E26: =SUM(E8:E25) -> 59171909 | F26: =SUM(F8:F25) -> 0 | G26: =SUM(G8:G25) -> 59171909 | H26: =SUM(H8:H25) -> 0 | I26: =SUM(I8:I25) -> 8182376 | J26: =SUM(J8:J25) -> 0 | K26: =SUM(K8:K25) -> 8182376 | ... N26: =SUM(N8:N25) -> 0 | O26: =F26/E26% -> 0 | P26: =J26/D26% -> 0 | Q26: =L26/D26% -> 0 | R26: =SUM(R8:R25) -> 0 | S26: =SUM(S8:S25) -> 155186.01 | T26: =SUM(T8:T25) -> 2208.8219 | U26: =SUM(U8:U25) -> 0 | V26: =SUM(V8:V25) -> 2208.8219
A28: BDwbU-3 (Qbcvov, AvovBnvRvi, bvivqbMÄ)
A29: µ: | B29: ‡kÖbx | C29: jU msL¨v | D29: ‡gvU eB | E29: wcÖw›Us (B‡¤úªkb) | H29: wcÖw›Us (eB) | J29: evBwÛs | L29: ‡Wwjfvix | N29: ÷K eB | O29: Kv‡Ri nvi-% | R29: ‡Wwjfvix †kl ZvwiL | S29: ‡ccvi
E30: ‡gvU B‡¤úªkb | F30: wcÖw›Us | G30: evwK | H30: wcÖw›Us (eB) | I30: evwK | J30: evBwÛs | K30: evwK | L30: ‡Wwjfvix | M30: evwK | O30: wcÖw›Us | P30: evBwÛs | Q30: ‡Wwjfvix | S30: wig | T30: Ub | U30: e¨envi | V30: evwK
A31: 1 | B31: cÖvBgvix | C31: 376 | D31: ='MSPL-3(Lot)'!F34 -> 801962 | E31: ='MSPL-3(Lot)'!H34 -> 6178376.2 | F31: ='MSPL-3(Lot)'!I34 -> 0 | G31: ='MSPL-3(Lot)'!J34 -> 6178376.2 | H31: ='MSPL-3(Lot)'!K34 -> 0 | I31: ='MSPL-3(Lot)'!L34 -> 801962 | J31: ='MSPL-3(Lot)'!M34 -> 0 | K31: ='MSPL-3(Lot)'!N34 -> 801962 | L31: ='MSPL-3(Lot)'!O34 -> 0 | ... N31: ='MSPL-3(Lot)'!Q34 -> 0 | O31: =F31/E31% -> 0 | P31: =J31/D31% -> 0 | Q31: =L31/D31% -> 0 | S31: ='MSPL-3(Lot)'!S34 -> 12356.752 | T31: ='MSPL-3(Lot)'!T34 -> 190.10388 | U31: ='MSPL-3(Lot)'!U34 -> 0 | V31: ='MSPL-3(Lot)'!V34 -> 190.10388
C32: 379 | D32: ='MSPL-3(Lot)'!F70 -> 594871 | E32: ='MSPL-3(Lot)'!H70 -> 4575704.8 | F32: ='MSPL-3(Lot)'!I70 -> 0 | G32: ='MSPL-3(Lot)'!J70 -> 4575704.8 | H32: ='MSPL-3(Lot)'!K70 -> 0 | I32: ='MSPL-3(Lot)'!L70 -> 594871 | J32: ='MSPL-3(Lot)'!M70 -> 0 | K32: ='MSPL-3(Lot)'!N70 -> 594871 | L32: ='MSPL-3(Lot)'!O70 -> 0 | ... N32: ='MSPL-3(Lot)'!Q70 -> 0 | O32: =F32/E32% -> 0 | P32: =J32/D32% -> 0 | Q32: =L32/D32% -> 0 | S32: ='MSPL-3(Lot)'!S70 -> 9151.4095 | T32: ='MSPL-3(Lot)'!T70 -> 140.79092 | U32: ='MSPL-3(Lot)'!U70 -> 0 | V32: ='MSPL-3(Lot)'!V70 -> 140.79092
A33: 2 | B33: Be‡Z`vqx | C33: 2022 | D33: ='MSPL-3(Lot)'!F99 -> 862368 | E33: ='MSPL-3(Lot)'!H99 -> 4873221.8 | F33: ='MSPL-3(Lot)'!I99 -> 0 | G33: ='MSPL-3(Lot)'!J99 -> 4873221.8 | H33: ='MSPL-3(Lot)'!K99 -> 0 | I33: ='MSPL-3(Lot)'!L99 -> 862368 | J33: ='MSPL-3(Lot)'!M99 -> 0 | K33: ='MSPL-3(Lot)'!N99 -> 862368 | L33: ='MSPL-3(Lot)'!O99 -> 0 | ... N33: ='MSPL-3(Lot)'!Q99 -> 0 | O33: =F33/E33% -> 0 | P33: =J33/D33% -> 0 | Q33: =L33/D33% -> 0 | S33: ='MSPL-3(Lot)'!S99 -> 9746.4435 | T33: ='MSPL-3(Lot)'!T99 -> 149.94528 | U33: ='MSPL-3(Lot)'!U99 -> 0 | V33: ='MSPL-3(Lot)'!V99 -> 149.94528
A34: 3 | B34: 6ô gva¨wgK | C34: 646 | D34: ='MSPL-3(Lot)'!F136 -> 407322 | E34: ='MSPL-3(Lot)'!H136 -> 1567424.8 | F34: ='MSPL-3(Lot)'!I136 -> 0 | G34: ='MSPL-3(Lot)'!J136 -> 1567424.8 | H34: ='MSPL-3(Lot)'!K136 -> 0 | I34: ='MSPL-3(Lot)'!L136 -> 407322 | J34: ='MSPL-3(Lot)'!M136 -> 0 | K34: ='MSPL-3(Lot)'!N136 -> 407322 | L34: ='MSPL-3(Lot)'!O136 -> 0 | ... N34: ='MSPL-3(Lot)'!Q136 -> 0 | O34: =F34/E34% -> 0 | P34: =J34/D34% -> 0 | Q34: =L34/D34% -> 0 | S34: ='MSPL-3(Lot)'!S136 -> 5418.2295 | T34: ='MSPL-3(Lot)'!T136 -> 72.24306 | U34: ='MSPL-3(Lot)'!U136 -> 0 | V34: ='MSPL-3(Lot)'!V136 -> 72.24306
A35: 4 | B35: 6ô `vwLj | C35: 667 | D35: ='MSPL-3(Lot)'!F166 -> 693254 | E35: ='MSPL-3(Lot)'!H166 -> 2768978.5 | F35: ='MSPL-3(Lot)'!I166 -> 0 | G35: ='MSPL-3(Lot)'!J166 -> 2768978.5 | H35: ='MSPL-3(Lot)'!K166 -> 0 | I35: ='MSPL-3(Lot)'!L166 -> 693254 | J35: ='MSPL-3(Lot)'!M166 -> 0 | K35: ='MSPL-3(Lot)'!N166 -> 693254 | L35: ='MSPL-3(Lot)'!O166 -> 0 | ... N35: ='MSPL-3(Lot)'!Q166 -> 0 | O35: =F35/E35% -> 0 | P35: =J35/D35% -> 0 | Q35: =L35/D35% -> 0 | S35: ='MSPL-3(Lot)'!S166 -> 10012.573 | T35: ='MSPL-3(Lot)'!T166 -> 133.50097 | U35: ='MSPL-3(Lot)'!U166 -> 0 | V35: ='MSPL-3(Lot)'!V166 -> 133.50097
A36: 5 | B36: 8g gva¨wgK | C36: 834 | D36: ='MSPL-3(Lot)'!F209 -> 472937 | E36: ='MSPL-3(Lot)'!H209 -> 2312999 | F36: ='MSPL-3(Lot)'!I209 -> 0 | G36: ='MSPL-3(Lot)'!J209 -> 2312999 | H36: ='MSPL-3(Lot)'!K209 -> 0 | I36: ='MSPL-3(Lot)'!L209 -> 472937 | J36: ='MSPL-3(Lot)'!M209 -> 0 | K36: ='MSPL-3(Lot)'!N209 -> 472937 | L36: ='MSPL-3(Lot)'!O209 -> 0 | ... N36: ='MSPL-3(Lot)'!Q209 -> 0 | O36: =F36/E36% -> 0 | P36: =J36/D36% -> 0 | Q36: =L36/D36% -> 0 | S36: ='MSPL-3(Lot)'!S209 -> 8532.764 | T36: ='MSPL-3(Lot)'!T209 -> 113.77019 | U36: ='MSPL-3(Lot)'!U209 -> 0 | V36: ='MSPL-3(Lot)'!V209 -> 113.77019
C37: 843 | D37: ='MSPL-3(Lot)'!F246 -> 464240 | E37: ='MSPL-3(Lot)'!H246 -> 2283330 | F37: ='MSPL-3(Lot)'!I246 -> 0 | G37: ='MSPL-3(Lot)'!J246 -> 2283330 | H37: ='MSPL-3(Lot)'!K246 -> 0 | I37: ='MSPL-3(Lot)'!L246 -> 464240 | J37: ='MSPL-3(Lot)'!M246 -> 0 | K37: ='MSPL-3(Lot)'!N246 -> 464240 | L37: ='MSPL-3(Lot)'!O246 -> 0 | ... N37: ='MSPL-3(Lot)'!Q246 -> 0 | O37: =F37/E37% -> 0 | P37: =J37/D37% -> 0 | Q37: =L37/D37% -> 0 | S37: ='MSPL-3(Lot)'!S246 -> 8432.59 | T37: ='MSPL-3(Lot)'!T246 -> 112.43453 | U37: ='MSPL-3(Lot)'!U246 -> 0 | V37: ='MSPL-3(Lot)'!V246 -> 112.43453
C38: 854 | D38: ='MSPL-3(Lot)'!F284 -> 428175 | E38: ='MSPL-3(Lot)'!H284 -> 2104866 | F38: ='MSPL-3(Lot)'!I284 -> 0 | G38: ='MSPL-3(Lot)'!J284 -> 2104866 | H38: ='MSPL-3(Lot)'!K284 -> 0 | I38: ='MSPL-3(Lot)'!L284 -> 428175 | J38: ='MSPL-3(Lot)'!M284 -> 0 | K38: ='MSPL-3(Lot)'!N284 -> 428175 | L38: ='MSPL-3(Lot)'!O284 -> 0 | ... N38: ='MSPL-3(Lot)'!Q284 -> 0 | O38: =F38/E38% -> 0 | P38: =J38/D38% -> 0 | Q38: =L38/D38% -> 0 | S38: ='MSPL-3(Lot)'!S284 -> 7765.508 | T38: ='MSPL-3(Lot)'!T284 -> 103.54011 | U38: ='MSPL-3(Lot)'!U284 -> 0 | V38: ='MSPL-3(Lot)'!V284 -> 103.54011
C39: 865 | D39: ='MSPL-3(Lot)'!F321 -> 605335 | E39: ='MSPL-3(Lot)'!H321 -> 2976051.5 | F39: ='MSPL-3(Lot)'!I321 -> 0 | G39: ='MSPL-3(Lot)'!J321 -> 2976051.5 | H39: ='MSPL-3(Lot)'!K321 -> 0 | I39: ='MSPL-3(Lot)'!L321 -> 605335 | J39: ='MSPL-3(Lot)'!M321 -> 0 | K39: ='MSPL-3(Lot)'!N321 -> 605335 | L39: ='MSPL-3(Lot)'!O321 -> 0 | ... N39: ='MSPL-3(Lot)'!Q321 -> 0 | O39: =F39/E39% -> 0 | P39: =J39/D39% -> 0 | Q39: =L39/D39% -> 0 | S39: ='MSPL-3(Lot)'!S321 -> 10986.893 | T39: ='MSPL-3(Lot)'!T321 -> 146.49191 | U39: ='MSPL-3(Lot)'!U321 -> 0 | V39: ='MSPL-3(Lot)'!V321 -> 146.49191
C40: 872 | D40: ='MSPL-3(Lot)'!F357 -> 521500 | E40: ='MSPL-3(Lot)'!H357 -> 2556333.2 | F40: ='MSPL-3(Lot)'!I357 -> 0 | G40: ='MSPL-3(Lot)'!J357 -> 2556333.2 | H40: ='MSPL-3(Lot)'!K357 -> 0 | I40: ='MSPL-3(Lot)'!L357 -> 521500 | J40: ='MSPL-3(Lot)'!M357 -> 0 | K40: ='MSPL-3(Lot)'!N357 -> 521500 | L40: ='MSPL-3(Lot)'!O357 -> 0 | ... N40: ='MSPL-3(Lot)'!Q357 -> 0 | O40: =F40/E40% -> 0 | P40: =J40/D40% -> 0 | Q40: =L40/D40% -> 0 | S40: ='MSPL-3(Lot)'!S357 -> 9429.9565 | T40: ='MSPL-3(Lot)'!T357 -> 125.73275 | U40: ='MSPL-3(Lot)'!U357 -> 0 | V40: ='MSPL-3(Lot)'!V357 -> 125.73275
C41: 877 | D41: ='MSPL-3(Lot)'!F394 -> 441582 | E41: ='MSPL-3(Lot)'!H394 -> 2172001.2 | F41: ='MSPL-3(Lot)'!I394 -> 0 | G41: ='MSPL-3(Lot)'!J394 -> 2172001.2 | H41: ='MSPL-3(Lot)'!K394 -> 0 | I41: ='MSPL-3(Lot)'!L394 -> 441582 | J41: ='MSPL-3(Lot)'!M394 -> 0 | K41: ='MSPL-3(Lot)'!N394 -> 441582 | L41: ='MSPL-3(Lot)'!O394 -> 0 | ... N41: ='MSPL-3(Lot)'!Q394 -> 0 | O41: =F41/E41% -> 0 | P41: =J41/D41% -> 0 | Q41: =L41/D41% -> 0 | S41: ='MSPL-3(Lot)'!S394 -> 8022.6045 | T41: ='MSPL-3(Lot)'!T394 -> 106.96806 | U41: ='MSPL-3(Lot)'!U394 -> 0 | V41: ='MSPL-3(Lot)'!V394 -> 106.96806
A42: me©‡gvU | D42: =SUM(D31:D41) -> 6293546 | E42: =SUM(E31:E41) -> 34369287 | F42: =SUM(F31:F41) -> 0 | G42: =SUM(G31:G41) -> 34369287 | H42: =SUM(H31:H41) -> 0 | I42: =SUM(I31:I41) -> 6293546 | J42: =SUM(J31:J41) -> 0 | K42: =SUM(K31:K41) -> 6293546 | ... N42: =SUM(N31:N41) -> 0 | O42: =F42/E42% -> 0 | P42: =J42/D42% -> 0 | Q42: =L42/D42% -> 0 | R42: =SUM(R31:R41) -> 0 | S42: =SUM(S31:S41) -> 99855.724 | T42: =SUM(T31:T41) -> 1395.5217 | U42: =SUM(U31:U41) -> 0 | V42: =SUM(V31:V41) -> 1395.5217
A44: BDwbU-2 Ges BDwbU-3 me©‡gvU | C44: 28wU | D44: =D42+D26 -> 14475922 | E44: =E42+E26 -> 93541196 | F44: =F42+F26 -> 0 | G44: =G42+G26 -> 93541196 | H44: =H42+H26 -> 0 | I44: =I42+I26 -> 14475922 | J44: =J42+J26 -> 0 | K44: =K42+K26 -> 14475922 | ... N44: =N42+N26 -> 0 | O44: =F44/E44% -> 0 | P44: =J44/D44% -> 0 | Q44: =L44/D44% -> 0 | R44: =R42+R26 -> 0 | S44: =S42+S26 -> 255041.73 | T44: =T42+T26 -> 3604.3435 | U44: =U42+U26 -> 0 | V44: =V42+V26 -> 3604.3435
A46: Møy e¨env‡ii wnmve | G46: mvBR | H46: wRGmg | I46: e¨envi (‡gwUªKUb) | K46: Qvcv n‡q‡Q (‡gwUªKUb) | M46: I‡q‡óR (‡gwUªKUb) | O46: %
A47: 1 | B47: evBwÛs n‡q‡Q | D47: wig | E47: ='MSPL-2 (Class)'!AB9+'MSPL-2 (Class)'!AB70+'MSPL-2 (Class)'!AB102+'MSPL-2 (Class)'!AB131+'MSPL-2 (Class)'!AB159+'MSPL-2 (Class)'!AB206 -> 0 | G47: 29.25 | H47: 70 | I47: 10 | K47: ='Top Sheet-(Class)'!W11+'Top Sheet-(Class)'!W12+'Top Sheet-(Class)'!W13+'Top Sheet-(Class)'!W14 -> 0 | M47: =I47-K47 -> 10 | O47: =K47/I47% -> 0
A48: 2 | B48: Møy e¨envi n‡q‡Q | D48: ‡KwR | E48: 10 | G48: 29.25 | H48: 80 | I48: 10 | K48: ='Top Sheet-(Class)'!W10+'Top Sheet-(Class)'!W9 -> 0 | M48: =I48-K48 -> 10 | O48: =K48/I48% -> 0
A49: 3 | B49: cÖwZ †KwR‡Z evBwÛs | D49: wig | E49: =E47/E48 -> 0 | G49: 33.5 | H49: 80 | I49: 10 | K49: ='Top Sheet-(Class)'!W8 -> 0 | M49: =I49-K49 -> 10 | O49: =K49/I49% -> 0
G50: me©‡gvU | I50: =SUM(I47:I49) -> 30 | K50: =SUM(K47:K49) -> 0 | M50: =SUM(M47:M49) -> 30 | O50: =K50/I50% -> 0

Sheet MSPL-2 (Class)
A1: gvóvi wm‡g· †ccvi wjt (BDwbU-2)
A2: Kz`ve,c~evBj, MvRxcyi|
A3: RvZxq wkÿvµg I cvV¨cy¯ÍK †evW© Gi 2027 wkÿve‡l©i cvV¨cy¯ÍK g~`ªY, evuavB I mieiv‡ni wbwg‡Ë cwiKíbv cÖwZ‡e`b
A4: (cÖvK-cÖv_wgK-2027) | AD4: ZvwiLt-02/08/26
A5: SL | B5: Book Name | C5: Class | D5: Forma | F5: Lot | K5: Total Books | L5: Forma | M5: Plate | P5: Cover | R5: Printing Impassion | U5: Printing Book | W5: Binding | Y5: Delivery | AA5: Stock Book | AB5: Gluing Rem | AC5: Wating for Binding | AD5: Paper | AH5: Binder
F6: Lot-123 | M6: Total | N6: Rec: | O6: Due | P6: Received | Q6: Due | R6: Total | S6: Print | T6: Due | U6: Print | V6: Due | W6: Binding | X6: Due | Y6: Delivery | Z6: Due | AD6: Rem | AE6: MT | AF6: Used | AG6: Due
A7: 1 | B7: Amar Boi | C7: Pre-Primary | D7: 21.5 | F7: 66398 | K7: =F7 -> 66398 | L7: 2 | M7: 192 | O7: =M7-N7 -> 192 | Q7: =K7-P7 -> 66398 | R7: =D7/L7*K7 -> 713778.5 | S7: ='MSPL-2(LOT)'!H7 -> 0 | T7: =R7-S7 -> 713778.5 | U7: =S7/D7*2 -> 0 | V7: =K7-U7 -> 66398 | W7: ='MSPL-2(LOT)'!L7 -> 0 | X7: =F7-W7 -> 66398 | Y7: ='MSPL-2(LOT)'!N7 -> 0 | Z7: =K7-Y7 -> 66398 | AA7: =W7-Y7 -> 0 | AB7: =D7*W7/1000 -> 0 | AC7: =U7-W7 -> 0 | AD7: =D7*K7/1000 -> 1427.557 | AE7: =AD7/50 -> 28.55114 | AF7: =D7*U7/1000/50 -> 0 | AG7: =AE7-AF7 -> 28.55114
A8: 2 | B8: Khata | D8: 17 | F8: 66398 | K8: =F8 -> 66398 | L8: 2 | M8: 18 | O8: =M8-N8 -> 18 | Q8: =K8-P8 -> 66398 | R8: =D8/L8*K8 -> 564383 | S8: ='MSPL-2(LOT)'!H8 -> 0 | T8: =R8-S8 -> 564383 | U8: =S8/D8*2 -> 0 | V8: =K8-U8 -> 66398 | W8: ='MSPL-2(LOT)'!L8 -> 0 | X8: =F8-W8 -> 66398 | Y8: ='MSPL-2(LOT)'!N8 -> 0 | Z8: =K8-Y8 -> 66398 | AA8: =W8-Y8 -> 0 | AB8: =D8*W8/1000 -> 0 | AC8: =U8-W8 -> 0 | AD8: =D8*K8/1000 -> 1128.766 | AE8: =AD8/65 -> 17.365631 | AF8: =D8*U8/1000/65 -> 0 | AG8: =AE8-AF8 -> 17.365631
A9: Grand Total | F9: =SUM(F7:F8) -> 132796 | G9: =SUM(G7:G8) -> 0 | H9: =SUM(H7:H8) -> 0 | I9: =SUM(I7:I8) -> 0 | J9: =SUM(J7:J8) -> 0 | K9: =SUM(K7:K8) -> 132796 | L9: =SUM(L7:L8) -> 4 | M9: =SUM(M7:M8) -> 210 | ... AB9: =SUM(AB7:AB8) -> 0 | AD9: =SUM(AD7:AD8) -> 2556.323 | AE9: =SUM(AE7:AE8) -> 45.916771 | AF9: =SUM(AF7:AF8) -> 0 | AG9: =SUM(AG7:AG8) -> 45.916771 | AH9: =SUM(AH7:AH8) -> 0
AB12: Manager (Production)
A37: gvóvi wm‡g· †ccvi wjt (BDwbU-2)
A38: Kz`ve,c~evBj, MvRxcyi|
A39: RvZxq wkÿvµg I cvV¨cy¯ÍK †evW© Gi 2027 wkÿve‡l©i cvV¨cy¯ÍK g~`ªY, evuavB I mieiv‡ni wbwg‡Ë cwiKíbv cÖwZ‡e`b
A40: cÖvBgvix-(1-5)-2027 | AD40: =AD4 -> ZvwiLt-02/08/26
A41: SL | B41: Book Name | C41: Class | D41: Forma | F41: Lot | K41: Total Books | L41: Forma | M41: Plate | P41: Cover | R41: Printing Impassion | U41: Printing Book | W41: Binding | Y41: Delivery | AA41: Stock Book | AB41: Gluing Rem | AC41: Wating for Binding | AD41: Paper | AH41: Binder
F42: Lot-329 | G42: Lot-338 | H42: Lot-347 | I42: Lot-375 | J42: Lot-401 | M42: Total | N42: Rec: | O42: Due | P42: Received | Q42: Due | R42: Total | S42: Print | T42: Due | U42: Print | V42: Due | W42: Binding | X42: Due | Y42: Delivery | Z42: Due | AD42: Rem | AE42: MT | AF42: Used | AG42: Due
A43: 1 | B43: Bangla | C43: One | D43: 11 | F43: 37420 | G43: 34712 | H43: 39266 | I43: 39879 | J43: 22797 | K43: =SUM(F43:J43) -> 174074 | L43: 2 | M43: 144 | O43: =M43-N43 -> 144 | Q43: =K43-P43 -> 174074 | R43: =D43/L43*K43 -> 957407 | S43: ='MSPL-2(LOT)'!H40+'MSPL-2(LOT)'!H77+'MSPL-2(LOT)'!H114+'MSPL-2(LOT)'!H151+'MSPL-2(LOT)'!H188 -> 0 | T43: =R43-S43 -> 957407 | U43: =S43/D43*2 -> 0 | V43: =K43-U43 -> 174074 | W43: ='MSPL-2(LOT)'!L40+'MSPL-2(LOT)'!L77+'MSPL-2(LOT)'!L114+'MSPL-2(LOT)'!L151+'MSPL-2(LOT)'!L188 -> 0 | X43: =K43-W43 -> 174074 | Y43: ='MSPL-2(LOT)'!N40+'MSPL-2(LOT)'!N77+'MSPL-2(LOT)'!N114+'MSPL-2(LOT)'!N151+'MSPL-2(LOT)'!N188 -> 0 | Z43: =K43-Y43 -> 174074 | AA43: =W43-Y43 -> 0 | AB43: =D43*W43/1000 -> 0 | AC43: =U43-W43 -> 0 | AD43: =D43*K43/1000 -> 1914.814 | AE43: =AD43/65 -> 29.458677 | AF43: =D43*U43/1000/65 -> 0 | AG43: =AE43-AF43 -> 29.458677
A44: 2 | B44: English | D44: 12 | F44: 37420 | G44: 34712 | H44: 39266 | I44: 39879 | J44: 22797 | K44: =SUM(F44:J44) -> 174074 | L44: 2 | M44: 144 | O44: =M44-N44 -> 144 | Q44: =K44-P44 -> 174074 | R44: =D44/L44*K44 -> 1044444 | S44: ='MSPL-2(LOT)'!H41+'MSPL-2(LOT)'!H78+'MSPL-2(LOT)'!H115+'MSPL-2(LOT)'!H152+'MSPL-2(LOT)'!H189 -> 0 | T44: =R44-S44 -> 1044444 | U44: =S44/D44*2 -> 0 | V44: =K44-U44 -> 174074 | W44: ='MSPL-2(LOT)'!L41+'MSPL-2(LOT)'!L78+'MSPL-2(LOT)'!L115+'MSPL-2(LOT)'!L152+'MSPL-2(LOT)'!L189 -> 0 | X44: =K44-W44 -> 174074 | Y44: ='MSPL-2(LOT)'!N41+'MSPL-2(LOT)'!N78+'MSPL-2(LOT)'!N115+'MSPL-2(LOT)'!N152+'MSPL-2(LOT)'!N189 -> 0 | Z44: =K44-Y44 -> 174074 | AA44: =W44-Y44 -> 0 | AB44: =D44*W44/1000 -> 0 | AC44: =U44-W44 -> 0 | AD44: =D44*K44/1000 -> 2088.888 | AE44: =AD44/65 -> 32.136738 | AF44: =D44*U44/1000/65 -> 0 | AG44: =AE44-AF44 -> 32.136738
A45: 3 | B45: Mathematics | D45: 15 | F45: 37420 | G45: 34712 | H45: 39266 | I45: 39879 | J45: 22797 | K45: =SUM(F45:J45) -> 174074 | L45: 2 | M45: 192 | O45: =M45-N45 -> 192 | Q45: =K45-P45 -> 174074 | R45: =D45/L45*K45 -> 1305555 | S45: ='MSPL-2(LOT)'!H42+'MSPL-2(LOT)'!H79+'MSPL-2(LOT)'!H116+'MSPL-2(LOT)'!H153+'MSPL-2(LOT)'!H190 -> 0 | T45: =R45-S45 -> 1305555 | U45: =S45/D45*2 -> 0 | V45: =K45-U45 -> 174074 | W45: ='MSPL-2(LOT)'!L42+'MSPL-2(LOT)'!L79+'MSPL-2(LOT)'!L116+'MSPL-2(LOT)'!L153+'MSPL-2(LOT)'!L190 -> 0 | X45: =K45-W45 -> 174074 | Y45: ='MSPL-2(LOT)'!N42+'MSPL-2(LOT)'!N79+'MSPL-2(LOT)'!N116+'MSPL-2(LOT)'!N153+'MSPL-2(LOT)'!N190 -> 0 | Z45: =K45-Y45 -> 174074 | AA45: =W45-Y45 -> 0 | AB45: =D45*W45/1000 -> 0 | AC45: =U45-W45 -> 0 | AD45: =D45*K45/1000 -> 2611.11 | AE45: =AD45/65 -> 40.170923 | AF45: =D45*U45/1000/65 -> 0 | AG45: =AE45-AF45 -> 40.170923
A46: 4 | B46: Bangla | C46: Two | D46: 9 | F46: 37362 | G46: 34222 | H46: 37948 | I46: 37815 | J46: 23865 | K46: =SUM(F46:J46) -> 171212 | L46: 2 | M46: 120 | O46: =M46-N46 -> 120 | Q46: =K46-P46 -> 171212 | R46: =D46/L46*K46 -> 770454 | S46: ='MSPL-2(LOT)'!H43+'MSPL-2(LOT)'!H80+'MSPL-2(LOT)'!H117+'MSPL-2(LOT)'!H154+'MSPL-2(LOT)'!H191 -> 0 | T46: =R46-S46 -> 770454 | U46: =S46/D46*2 -> 0 | V46: =K46-U46 -> 171212 | W46: ='MSPL-2(LOT)'!L43+'MSPL-2(LOT)'!L80+'MSPL-2(LOT)'!L117+'MSPL-2(LOT)'!L154+'MSPL-2(LOT)'!L191 -> 0 | X46: =K46-W46 -> 171212 | Y46: ='MSPL-2(LOT)'!N43+'MSPL-2(LOT)'!N80+'MSPL-2(LOT)'!N117+'MSPL-2(LOT)'!N154+'MSPL-2(LOT)'!N191 -> 0 | Z46: =K46-Y46 -> 171212 | AA46: =W46-Y46 -> 0 | AB46: =D46*W46/1000 -> 0 | AC46: =U46-W46 -> 0 | AD46: =D46*K46/1000 -> 1540.908 | AE46: =AD46/65 -> 23.706277 | AF46: =D46*U46/1000/65 -> 0 | AG46: =AE46-AF46 -> 23.706277
A47: 5 | B47: English | D47: 13 | F47: 37362 | G47: 34222 | H47: 37948 | I47: 37815 | J47: 23865 | K47: =SUM(F47:J47) -> 171212 | L47: 2 | M47: 168 | O47: =M47-N47 -> 168 | Q47: =K47-P47 -> 171212 | R47: =D47/L47*K47 -> 1112878 | S47: ='MSPL-2(LOT)'!H44+'MSPL-2(LOT)'!H81+'MSPL-2(LOT)'!H118+'MSPL-2(LOT)'!H155+'MSPL-2(LOT)'!H192 -> 0 | T47: =R47-S47 -> 1112878 | U47: =S47/D47*2 -> 0 | V47: =K47-U47 -> 171212 | W47: ='MSPL-2(LOT)'!L44+'MSPL-2(LOT)'!L81+'MSPL-2(LOT)'!L118+'MSPL-2(LOT)'!L155+'MSPL-2(LOT)'!L192 -> 0 | X47: =K47-W47 -> 171212 | Y47: ='MSPL-2(LOT)'!N44+'MSPL-2(LOT)'!N81+'MSPL-2(LOT)'!N118+'MSPL-2(LOT)'!N155+'MSPL-2(LOT)'!N192 -> 0 | Z47: =K47-Y47 -> 171212 | AA47: =W47-Y47 -> 0 | AB47: =D47*W47/1000 -> 0 | AC47: =U47-W47 -> 0 | AD47: =D47*K47/1000 -> 2225.756 | AE47: =AD47/65 -> 34.2424 | AF47: =D47*U47/1000/65 -> 0 | AG47: =AE47-AF47 -> 34.2424
A48: 6 | B48: Mathematics | D48: 17 | F48: 37362 | G48: 34222 | H48: 37948 | I48: 37815 | J48: 23865 | K48: =SUM(F48:J48) -> 171212 | L48: 2 | M48: 216 | O48: =M48-N48 -> 216 | Q48: =K48-P48 -> 171212 | R48: =D48/L48*K48 -> 1455302 | S48: ='MSPL-2(LOT)'!H45+'MSPL-2(LOT)'!H82+'MSPL-2(LOT)'!H119+'MSPL-2(LOT)'!H156+'MSPL-2(LOT)'!H193 -> 0 | T48: =R48-S48 -> 1455302 | U48: =S48/D48*2 -> 0 | V48: =K48-U48 -> 171212 | W48: ='MSPL-2(LOT)'!L45+'MSPL-2(LOT)'!L82+'MSPL-2(LOT)'!L119+'MSPL-2(LOT)'!L156+'MSPL-2(LOT)'!L193 -> 0 | X48: =K48-W48 -> 171212 | Y48: ='MSPL-2(LOT)'!N45+'MSPL-2(LOT)'!N82+'MSPL-2(LOT)'!N119+'MSPL-2(LOT)'!N156+'MSPL-2(LOT)'!N193 -> 0 | Z48: =K48-Y48 -> 171212 | AA48: =W48-Y48 -> 0 | AB48: =D48*W48/1000 -> 0 | AC48: =U48-W48 -> 0 | AD48: =D48*K48/1000 -> 2910.604 | AE48: =AD48/65 -> 44.778523 | AF48: =D48*U48/1000/65 -> 0 | AG48: =AE48-AF48 -> 44.778523
A49: 7 | B49: Bangla | C49: Three | D49: 13.5 | F49: 36610 | G49: 34662 | H49: 38282 | I49: 37390 | J49: 25868 | K49: =SUM(F49:J49) -> 172812 | L49: 2 | M49: 168 | O49: =M49-N49 -> 168 | Q49: =K49-P49 -> 172812 | R49: =D49/L49*K49 -> 1166481 | S49: ='MSPL-2(LOT)'!H46+'MSPL-2(LOT)'!H83+'MSPL-2(LOT)'!H120+'MSPL-2(LOT)'!H157+'MSPL-2(LOT)'!H194 -> 0 | T49: =R49-S49 -> 1166481 | U49: =S49/D49*2 -> 0 | V49: =K49-U49 -> 172812 | W49: ='MSPL-2(LOT)'!L46+'MSPL-2(LOT)'!L83+'MSPL-2(LOT)'!L120+'MSPL-2(LOT)'!L157+'MSPL-2(LOT)'!L194 -> 0 | X49: =K49-W49 -> 172812 | Y49: ='MSPL-2(LOT)'!N46+'MSPL-2(LOT)'!N83+'MSPL-2(LOT)'!N120+'MSPL-2(LOT)'!N157+'MSPL-2(LOT)'!N194 -> 0 | Z49: =K49-Y49 -> 172812 | AA49: =W49-Y49 -> 0 | AB49: =D49*W49/1000 -> 0 | AC49: =U49-W49 -> 0 | AD49: =D49*K49/1000 -> 2332.962 | AE49: =AD49/65 -> 35.891723 | AF49: =D49*U49/1000/65 -> 0 | AG49: =AE49-AF49 -> 35.891723
A50: 8 | B50: English | D50: 16 | F50: 36610 | G50: 34662 | H50: 38282 | I50: 37390 | J50: 25868 | K50: =SUM(F50:J50) -> 172812 | L50: 2 | M50: 192 | O50: =M50-N50 -> 192 | Q50: =K50-P50 -> 172812 | R50: =D50/L50*K50 -> 1382496 | S50: ='MSPL-2(LOT)'!H47+'MSPL-2(LOT)'!H84+'MSPL-2(LOT)'!H121+'MSPL-2(LOT)'!H158+'MSPL-2(LOT)'!H195 -> 0 | T50: =R50-S50 -> 1382496 | U50: =S50/D50*2 -> 0 | V50: =K50-U50 -> 172812 | W50: ='MSPL-2(LOT)'!L47+'MSPL-2(LOT)'!L84+'MSPL-2(LOT)'!L121+'MSPL-2(LOT)'!L158+'MSPL-2(LOT)'!L195 -> 0 | X50: =K50-W50 -> 172812 | Y50: ='MSPL-2(LOT)'!N47+'MSPL-2(LOT)'!N84+'MSPL-2(LOT)'!N121+'MSPL-2(LOT)'!N158+'MSPL-2(LOT)'!N195 -> 0 | Z50: =K50-Y50 -> 172812 | AA50: =W50-Y50 -> 0 | AB50: =D50*W50/1000 -> 0 | AC50: =U50-W50 -> 0 | AD50: =D50*K50/1000 -> 2764.992 | AE50: =AD50/65 -> 42.538338 | AF50: =D50*U50/1000/65 -> 0 | AG50: =AE50-AF50 -> 42.538338
A51: 9 | B51: Mathematics | D51: 20 | F51: 36610 | G51: 34662 | H51: 38282 | I51: 37390 | J51: 25868 | K51: =SUM(F51:J51) -> 172812 | L51: 2 | M51: 240 | O51: =M51-N51 -> 240 | Q51: =K51-P51 -> 172812 | R51: =D51/L51*K51 -> 1728120 | S51: ='MSPL-2(LOT)'!H48+'MSPL-2(LOT)'!H85+'MSPL-2(LOT)'!H122+'MSPL-2(LOT)'!H159+'MSPL-2(LOT)'!H196 -> 0 | T51: =R51-S51 -> 1728120 | U51: =S51/D51*2 -> 0 | V51: =K51-U51 -> 172812 | W51: ='MSPL-2(LOT)'!L48+'MSPL-2(LOT)'!L85+'MSPL-2(LOT)'!L122+'MSPL-2(LOT)'!L159+'MSPL-2(LOT)'!L196 -> 0 | X51: =K51-W51 -> 172812 | Y51: ='MSPL-2(LOT)'!N48+'MSPL-2(LOT)'!N85+'MSPL-2(LOT)'!N122+'MSPL-2(LOT)'!N159+'MSPL-2(LOT)'!N196 -> 0 | Z51: =K51-Y51 -> 172812 | AA51: =W51-Y51 -> 0 | AB51: =D51*W51/1000 -> 0 | AC51: =U51-W51 -> 0 | AD51: =D51*K51/1000 -> 3456.24 | AE51: =AD51/65 -> 53.172923 | AF51: =D51*U51/1000/65 -> 0 | AG51: =AE51-AF51 -> 53.172923
A52: 10 | B52: B&G | D52: 14.5 | F52: 36610 | G52: 34662 | H52: 38282 | I52: 37390 | J52: 25868 | K52: =SUM(F52:J52) -> 172812 | L52: 2 | M52: 168 | O52: =M52-N52 -> 168 | Q52: =K52-P52 -> 172812 | R52: =D52/L52*K52 -> 1252887 | S52: ='MSPL-2(LOT)'!H49+'MSPL-2(LOT)'!H86+'MSPL-2(LOT)'!H123+'MSPL-2(LOT)'!H160+'MSPL-2(LOT)'!H197 -> 0 | T52: =R52-S52 -> 1252887 | U52: =S52/D52*2 -> 0 | V52: =K52-U52 -> 172812 | W52: ='MSPL-2(LOT)'!L49+'MSPL-2(LOT)'!L86+'MSPL-2(LOT)'!L123+'MSPL-2(LOT)'!L160+'MSPL-2(LOT)'!L197 -> 0 | X52: =K52-W52 -> 172812 | Y52: ='MSPL-2(LOT)'!N49+'MSPL-2(LOT)'!N86+'MSPL-2(LOT)'!N123+'MSPL-2(LOT)'!N160+'MSPL-2(LOT)'!N197 -> 0 | Z52: =K52-Y52 -> 172812 | AA52: =W52-Y52 -> 0 | AB52: =D52*W52/1000 -> 0 | AC52: =U52-W52 -> 0 | AD52: =D52*K52/1000 -> 2505.774 | AE52: =AD52/65 -> 38.550369 | AF52: =D52*U52/1000/65 -> 0 | AG52: =AE52-AF52 -> 38.550369
A53: 11 | B53: Science | D53: 19 | F53: 36610 | G53: 34662 | H53: 38282 | I53: 37390 | J53: 25868 | K53: =SUM(F53:J53) -> 172812 | L53: 2 | M53: 240 | O53: =M53-N53 -> 240 | Q53: =K53-P53 -> 172812 | R53: =D53/L53*K53 -> 1641714 | S53: ='MSPL-2(LOT)'!H50+'MSPL-2(LOT)'!H87+'MSPL-2(LOT)'!H124+'MSPL-2(LOT)'!H161+'MSPL-2(LOT)'!H198 -> 0 | T53: =R53-S53 -> 1641714 | U53: =S53/D53*2 -> 0 | V53: =K53-U53 -> 172812 | W53: ='MSPL-2(LOT)'!L50+'MSPL-2(LOT)'!L87+'MSPL-2(LOT)'!L124+'MSPL-2(LOT)'!L161+'MSPL-2(LOT)'!L198 -> 0 | X53: =K53-W53 -> 172812 | Y53: ='MSPL-2(LOT)'!N50+'MSPL-2(LOT)'!N87+'MSPL-2(LOT)'!N124+'MSPL-2(LOT)'!N161+'MSPL-2(LOT)'!N198 -> 0 | Z53: =K53-Y53 -> 172812 | AA53: =W53-Y53 -> 0 | AB53: =D53*W53/1000 -> 0 | AC53: =U53-W53 -> 0 | AD53: =D53*K53/1000 -> 3283.428 | AE53: =AD53/65 -> 50.514277 | AF53: =D53*U53/1000/65 -> 0 | AG53: =AE53-AF53 -> 50.514277
A54: 12 | B54: Islam | D54: 9 | F54: 33535 | G54: 30510 | H54: 34143 | I54: 36004 | J54: 22405 | K54: =SUM(F54:J54) -> 156597 | L54: 2 | M54: 120 | O54: =M54-N54 -> 120 | Q54: =K54-P54 -> 156597 | R54: =D54/L54*K54 -> 704686.5 | S54: ='MSPL-2(LOT)'!H51+'MSPL-2(LOT)'!H88+'MSPL-2(LOT)'!H125+'MSPL-2(LOT)'!H162+'MSPL-2(LOT)'!H199 -> 0 | T54: =R54-S54 -> 704686.5 | U54: =S54/D54*2 -> 0 | V54: =K54-U54 -> 156597 | W54: ='MSPL-2(LOT)'!L51+'MSPL-2(LOT)'!L88+'MSPL-2(LOT)'!L125+'MSPL-2(LOT)'!L162+'MSPL-2(LOT)'!L199 -> 0 | X54: =K54-W54 -> 156597 | Y54: ='MSPL-2(LOT)'!N51+'MSPL-2(LOT)'!N88+'MSPL-2(LOT)'!N125+'MSPL-2(LOT)'!N162+'MSPL-2(LOT)'!N199 -> 0 | Z54: =K54-Y54 -> 156597 | AA54: =W54-Y54 -> 0 | AB54: =D54*W54/1000 -> 0 | AC54: =U54-W54 -> 0 | AD54: =D54*K54/1000 -> 1409.373 | AE54: =AD54/65 -> 21.682662 | AF54: =D54*U54/1000/65 -> 0 | AG54: =AE54-AF54 -> 21.682662
A55: 13 | B55: Hindu | D55: 11.5 | F55: 3067 | G55: 4011 | H55: 4089 | I55: 1132 | J55: 3332 | K55: =SUM(F55:J55) -> 15631 | L55: 2 | M55: 56 | O55: =M55-N55 -> 56 | Q55: =K55-P55 -> 15631 | R55: =D55/L55*K55 -> 89878.25 | S55: ='MSPL-2(LOT)'!H52+'MSPL-2(LOT)'!H89+'MSPL-2(LOT)'!H126+'MSPL-2(LOT)'!H163+'MSPL-2(LOT)'!H200 -> 0 | T55: =R55-S55 -> 89878.25 | U55: =S55/D55*2 -> 0 | V55: =K55-U55 -> 15631 | W55: ='MSPL-2(LOT)'!L52+'MSPL-2(LOT)'!L89+'MSPL-2(LOT)'!L126+'MSPL-2(LOT)'!L163+'MSPL-2(LOT)'!L200 -> 0 | X55: =K55-W55 -> 15631 | Y55: ='MSPL-2(LOT)'!N52+'MSPL-2(LOT)'!N89+'MSPL-2(LOT)'!N126+'MSPL-2(LOT)'!N163+'MSPL-2(LOT)'!N200 -> 0 | Z55: =K55-Y55 -> 15631 | AA55: =W55-Y55 -> 0 | AB55: =D55*W55/1000 -> 0 | AC55: =U55-W55 -> 0 | AD55: =D55*K55/1000 -> 179.7565 | AE55: =AD55/65 -> 2.7654846 | AF55: =D55*U55/1000/65 -> 0 | AG55: =AE55-AF55 -> 2.7654846
A56: 14 | B56: Bangla | C56: Four | D56: 16.5 | F56: 34384 | G56: 33805 | H56: 36268 | I56: 36127 | J56: 28087 | K56: =SUM(F56:J56) -> 168671 | L56: 2 | M56: 216 | O56: =M56-N56 -> 216 | Q56: =K56-P56 -> 168671 | R56: =D56/L56*K56 -> 1391535.8 | S56: ='MSPL-2(LOT)'!H53+'MSPL-2(LOT)'!H90+'MSPL-2(LOT)'!H127+'MSPL-2(LOT)'!H164+'MSPL-2(LOT)'!H201 -> 0 | T56: =R56-S56 -> 1391535.8 | U56: =S56/D56*2 -> 0 | V56: =K56-U56 -> 168671 | W56: ='MSPL-2(LOT)'!L53+'MSPL-2(LOT)'!L90+'MSPL-2(LOT)'!L127+'MSPL-2(LOT)'!L164+'MSPL-2(LOT)'!L201 -> 0 | X56: =K56-W56 -> 168671 | Y56: ='MSPL-2(LOT)'!N53+'MSPL-2(LOT)'!N90+'MSPL-2(LOT)'!N127+'MSPL-2(LOT)'!N164+'MSPL-2(LOT)'!N201 -> 0 | Z56: =K56-Y56 -> 168671 | AA56: =W56-Y56 -> 0 | AB56: =D56*W56/1000 -> 0 | AC56: =U56-W56 -> 0 | AD56: =D56*K56/1000 -> 2783.0715 | AE56: =AD56/65 -> 42.816485 | AF56: =D56*U56/1000/65 -> 0 | AG56: =AE56-AF56 -> 42.816485
A57: 15 | B57: English | D57: 12 | F57: 34384 | G57: 33805 | H57: 36268 | I57: 36127 | J57: 28087 | K57: =SUM(F57:J57) -> 168671 | L57: 2 | M57: 144 | O57: =M57-N57 -> 144 | Q57: =K57-P57 -> 168671 | R57: =D57/L57*K57 -> 1012026 | S57: ='MSPL-2(LOT)'!H54+'MSPL-2(LOT)'!H91+'MSPL-2(LOT)'!H128+'MSPL-2(LOT)'!H165+'MSPL-2(LOT)'!H202 -> 0 | T57: =R57-S57 -> 1012026 | U57: =S57/D57*2 -> 0 | V57: =K57-U57 -> 168671 | W57: ='MSPL-2(LOT)'!L54+'MSPL-2(LOT)'!L91+'MSPL-2(LOT)'!L128+'MSPL-2(LOT)'!L165+'MSPL-2(LOT)'!L202 -> 0 | X57: =K57-W57 -> 168671 | Y57: ='MSPL-2(LOT)'!N54+'MSPL-2(LOT)'!N91+'MSPL-2(LOT)'!N128+'MSPL-2(LOT)'!N165+'MSPL-2(LOT)'!N202 -> 0 | Z57: =K57-Y57 -> 168671 | AA57: =W57-Y57 -> 0 | AB57: =D57*W57/1000 -> 0 | AC57: =U57-W57 -> 0 | AD57: =D57*K57/1000 -> 2024.052 | AE57: =AD57/65 -> 31.139262 | AF57: =D57*U57/1000/65 -> 0 | AG57: =AE57-AF57 -> 31.139262
A58: 16 | B58: Mathematics | D58: 22.5 | F58: 34384 | G58: 33805 | H58: 36268 | I58: 36127 | J58: 28087 | K58: =SUM(F58:J58) -> 168671 | L58: 2 | M58: 288 | O58: =M58-N58 -> 288 | Q58: =K58-P58 -> 168671 | R58: =D58/L58*K58 -> 1897548.8 | S58: ='MSPL-2(LOT)'!H55+'MSPL-2(LOT)'!H92+'MSPL-2(LOT)'!H129+'MSPL-2(LOT)'!H166+'MSPL-2(LOT)'!H203 -> 0 | T58: =R58-S58 -> 1897548.8 | U58: =S58/D58*2 -> 0 | V58: =K58-U58 -> 168671 | W58: ='MSPL-2(LOT)'!L55+'MSPL-2(LOT)'!L92+'MSPL-2(LOT)'!L129+'MSPL-2(LOT)'!L166+'MSPL-2(LOT)'!L203 -> 0 | X58: =K58-W58 -> 168671 | Y58: ='MSPL-2(LOT)'!N55+'MSPL-2(LOT)'!N92+'MSPL-2(LOT)'!N129+'MSPL-2(LOT)'!N166+'MSPL-2(LOT)'!N203 -> 0 | Z58: =K58-Y58 -> 168671 | AA58: =W58-Y58 -> 0 | AB58: =D58*W58/1000 -> 0 | AC58: =U58-W58 -> 0 | AD58: =D58*K58/1000 -> 3795.0975 | AE58: =AD58/65 -> 58.386115 | AF58: =D58*U58/1000/65 -> 0 | AG58: =AE58-AF58 -> 58.386115
A59: 17 | B59: B&G | D59: 15 | F59: 34384 | G59: 33805 | H59: 36268 | I59: 36127 | J59: 28087 | K59: =SUM(F59:J59) -> 168671 | L59: 2 | M59: 192 | O59: =M59-N59 -> 192 | Q59: =K59-P59 -> 168671 | R59: =D59/L59*K59 -> 1265032.5 | S59: ='MSPL-2(LOT)'!H56+'MSPL-2(LOT)'!H93+'MSPL-2(LOT)'!H130+'MSPL-2(LOT)'!H167+'MSPL-2(LOT)'!H204 -> 0 | T59: =R59-S59 -> 1265032.5 | U59: =S59/D59*2 -> 0 | V59: =K59-U59 -> 168671 | W59: ='MSPL-2(LOT)'!L56+'MSPL-2(LOT)'!L93+'MSPL-2(LOT)'!L130+'MSPL-2(LOT)'!L167+'MSPL-2(LOT)'!L204 -> 0 | X59: =K59-W59 -> 168671 | Y59: ='MSPL-2(LOT)'!N56+'MSPL-2(LOT)'!N93+'MSPL-2(LOT)'!N130+'MSPL-2(LOT)'!N167+'MSPL-2(LOT)'!N204 -> 0 | Z59: =K59-Y59 -> 168671 | AA59: =W59-Y59 -> 0 | AB59: =D59*W59/1000 -> 0 | AC59: =U59-W59 -> 0 | AD59: =D59*K59/1000 -> 2530.065 | AE59: =AD59/65 -> 38.924077 | AF59: =D59*U59/1000/65 -> 0 | AG59: =AE59-AF59 -> 38.924077
A60: 18 | B60: Science | D60: 19.5 | F60: 34384 | G60: 33805 | H60: 36268 | I60: 36127 | J60: 28087 | K60: =SUM(F60:J60) -> 168671 | L60: 2 | M60: 240 | O60: =M60-N60 -> 240 | Q60: =K60-P60 -> 168671 | R60: =D60/L60*K60 -> 1644542.2 | S60: ='MSPL-2(LOT)'!H57+'MSPL-2(LOT)'!H94+'MSPL-2(LOT)'!H131+'MSPL-2(LOT)'!H168+'MSPL-2(LOT)'!H205 -> 0 | T60: =R60-S60 -> 1644542.2 | U60: =S60/D60*2 -> 0 | V60: =K60-U60 -> 168671 | W60: ='MSPL-2(LOT)'!L57+'MSPL-2(LOT)'!L94+'MSPL-2(LOT)'!L131+'MSPL-2(LOT)'!L168+'MSPL-2(LOT)'!L205 -> 0 | X60: =K60-W60 -> 168671 | Y60: ='MSPL-2(LOT)'!N57+'MSPL-2(LOT)'!N94+'MSPL-2(LOT)'!N131+'MSPL-2(LOT)'!N168+'MSPL-2(LOT)'!N205 -> 0 | Z60: =K60-Y60 -> 168671 | AA60: =W60-Y60 -> 0 | AB60: =D60*W60/1000 -> 0 | AC60: =U60-W60 -> 0 | AD60: =D60*K60/1000 -> 3289.0845 | AE60: =AD60/65 -> 50.6013 | AF60: =D60*U60/1000/65 -> 0 | AG60: =AE60-AF60 -> 50.6013
A61: 19 | B61: Islam | D61: 10 | F61: 31547 | G61: 29915 | H61: 32255 | I61: 34780 | J61: 24449 | K61: =SUM(F61:J61) -> 152946 | L61: 2 | M61: 120 | O61: =M61-N61 -> 120 | Q61: =K61-P61 -> 152946 | R61: =D61/L61*K61 -> 764730 | S61: ='MSPL-2(LOT)'!H58+'MSPL-2(LOT)'!H95+'MSPL-2(LOT)'!H132+'MSPL-2(LOT)'!H169+'MSPL-2(LOT)'!H206 -> 0 | T61: =R61-S61 -> 764730 | U61: =S61/D61*2 -> 0 | V61: =K61-U61 -> 152946 | W61: ='MSPL-2(LOT)'!L58+'MSPL-2(LOT)'!L95+'MSPL-2(LOT)'!L132+'MSPL-2(LOT)'!L169+'MSPL-2(LOT)'!L206 -> 0 | X61: =K61-W61 -> 152946 | Y61: ='MSPL-2(LOT)'!N58+'MSPL-2(LOT)'!N95+'MSPL-2(LOT)'!N132+'MSPL-2(LOT)'!N169+'MSPL-2(LOT)'!N206 -> 0 | Z61: =K61-Y61 -> 152946 | AA61: =W61-Y61 -> 0 | AB61: =D61*W61/1000 -> 0 | AC61: =U61-W61 -> 0 | AD61: =D61*K61/1000 -> 1529.46 | AE61: =AD61/65 -> 23.530154 | AF61: =D61*U61/1000/65 -> 0 | AG61: =AE61-AF61 -> 23.530154
A62: 20 | B62: Hindu | D62: 13.5 | F62: 2836 | G62: 3748 | H62: 3970 | I62: 1103 | J62: 3506 | K62: =SUM(F62:J62) -> 15163 | L62: 2 | M62: 64 | O62: =M62-N62 -> 64 | Q62: =K62-P62 -> 15163 | R62: =D62/L62*K62 -> 102350.25 | S62: ='MSPL-2(LOT)'!H59+'MSPL-2(LOT)'!H96+'MSPL-2(LOT)'!H133+'MSPL-2(LOT)'!H170+'MSPL-2(LOT)'!H207 -> 0 | T62: =R62-S62 -> 102350.25 | U62: =S62/D62*2 -> 0 | V62: =K62-U62 -> 15163 | W62: ='MSPL-2(LOT)'!L59+'MSPL-2(LOT)'!L96+'MSPL-2(LOT)'!L133+'MSPL-2(LOT)'!L170+'MSPL-2(LOT)'!L207 -> 0 | X62: =K62-W62 -> 15163 | Y62: ='MSPL-2(LOT)'!N59+'MSPL-2(LOT)'!N96+'MSPL-2(LOT)'!N133+'MSPL-2(LOT)'!N170+'MSPL-2(LOT)'!N207 -> 0 | Z62: =K62-Y62 -> 15163 | AA62: =W62-Y62 -> 0 | AB62: =D62*W62/1000 -> 0 | AC62: =U62-W62 -> 0 | AD62: =D62*K62/1000 -> 204.7005 | AE62: =AD62/65 -> 3.1492385 | AF62: =D62*U62/1000/65 -> 0 | AG62: =AE62-AF62 -> 3.1492385
A63: 21 | B63: Bangla | C63: Five | D63: 17.5 | F63: 30762 | G63: 31481 | H63: 32595 | I63: 35878 | J63: 27421 | K63: =SUM(F63:J63) -> 158137 | L63: 2 | M63: 216 | O63: =M63-N63 -> 216 | Q63: =K63-P63 -> 158137 | R63: =D63/L63*K63 -> 1383698.8 | S63: ='MSPL-2(LOT)'!H60+'MSPL-2(LOT)'!H97+'MSPL-2(LOT)'!H134+'MSPL-2(LOT)'!H171+'MSPL-2(LOT)'!H208 -> 0 | T63: =R63-S63 -> 1383698.8 | U63: =S63/D63*2 -> 0 | V63: =K63-U63 -> 158137 | W63: ='MSPL-2(LOT)'!L60+'MSPL-2(LOT)'!L97+'MSPL-2(LOT)'!L134+'MSPL-2(LOT)'!L171+'MSPL-2(LOT)'!L208 -> 0 | X63: =K63-W63 -> 158137 | Y63: ='MSPL-2(LOT)'!N60+'MSPL-2(LOT)'!N97+'MSPL-2(LOT)'!N134+'MSPL-2(LOT)'!N171+'MSPL-2(LOT)'!N208 -> 0 | Z63: =K63-Y63 -> 158137 | AA63: =W63-Y63 -> 0 | AB63: =D63*W63/1000 -> 0 | AC63: =U63-W63 -> 0 | AD63: =D63*K63/1000 -> 2767.3975 | AE63: =AD63/65 -> 42.575346 | AF63: =D63*U63/1000/65 -> 0 | AG63: =AE63-AF63 -> 42.575346
A64: 22 | B64: English | D64: 14.5 | F64: 30762 | G64: 31481 | H64: 32595 | I64: 35878 | J64: 27421 | K64: =SUM(F64:J64) -> 158137 | L64: 2 | M64: 192 | O64: =M64-N64 -> 192 | Q64: =K64-P64 -> 158137 | R64: =D64/L64*K64 -> 1146493.2 | S64: ='MSPL-2(LOT)'!H61+'MSPL-2(LOT)'!H98+'MSPL-2(LOT)'!H135+'MSPL-2(LOT)'!H172+'MSPL-2(LOT)'!H209 -> 0 | T64: =R64-S64 -> 1146493.2 | U64: =S64/D64*2 -> 0 | V64: =K64-U64 -> 158137 | W64: ='MSPL-2(LOT)'!L61+'MSPL-2(LOT)'!L98+'MSPL-2(LOT)'!L135+'MSPL-2(LOT)'!L172+'MSPL-2(LOT)'!L209 -> 0 | X64: =K64-W64 -> 158137 | Y64: ='MSPL-2(LOT)'!N61+'MSPL-2(LOT)'!N98+'MSPL-2(LOT)'!N135+'MSPL-2(LOT)'!N172+'MSPL-2(LOT)'!N209 -> 0 | Z64: =K64-Y64 -> 158137 | AA64: =W64-Y64 -> 0 | AB64: =D64*W64/1000 -> 0 | AC64: =U64-W64 -> 0 | AD64: =D64*K64/1000 -> 2292.9865 | AE64: =AD64/65 -> 35.276715 | AF64: =D64*U64/1000/65 -> 0 | AG64: =AE64-AF64 -> 35.276715
A65: 23 | B65: Mathematics | D65: 23.5 | F65: 30762 | G65: 31481 | H65: 32595 | I65: 35878 | J65: 27421 | K65: =SUM(F65:J65) -> 158137 | L65: 2 | M65: 288 | O65: =M65-N65 -> 288 | Q65: =K65-P65 -> 158137 | R65: =D65/L65*K65 -> 1858109.8 | S65: ='MSPL-2(LOT)'!H62+'MSPL-2(LOT)'!H99+'MSPL-2(LOT)'!H136+'MSPL-2(LOT)'!H173+'MSPL-2(LOT)'!H210 -> 0 | T65: =R65-S65 -> 1858109.8 | U65: =S65/D65*2 -> 0 | V65: =K65-U65 -> 158137 | W65: ='MSPL-2(LOT)'!L62+'MSPL-2(LOT)'!L99+'MSPL-2(LOT)'!L136+'MSPL-2(LOT)'!L173+'MSPL-2(LOT)'!L210 -> 0 | X65: =K65-W65 -> 158137 | Y65: ='MSPL-2(LOT)'!N62+'MSPL-2(LOT)'!N99+'MSPL-2(LOT)'!N136+'MSPL-2(LOT)'!N173+'MSPL-2(LOT)'!N210 -> 0 | Z65: =K65-Y65 -> 158137 | AA65: =W65-Y65 -> 0 | AB65: =D65*W65/1000 -> 0 | AC65: =U65-W65 -> 0 | AD65: =D65*K65/1000 -> 3716.2195 | AE65: =AD65/65 -> 57.172608 | AF65: =D65*U65/1000/65 -> 0 | AG65: =AE65-AF65 -> 57.172608
A66: 24 | B66: B&G | D66: 20.5 | F66: 30762 | G66: 31481 | H66: 32595 | I66: 35878 | J66: 27421 | K66: =SUM(F66:J66) -> 158137 | L66: 2 | M66: 264 | O66: =M66-N66 -> 264 | Q66: =K66-P66 -> 158137 | R66: =D66/L66*K66 -> 1620904.2 | S66: ='MSPL-2(LOT)'!H63+'MSPL-2(LOT)'!H100+'MSPL-2(LOT)'!H137+'MSPL-2(LOT)'!H174+'MSPL-2(LOT)'!H211 -> 0 | T66: =R66-S66 -> 1620904.2 | U66: =S66/D66*2 -> 0 | V66: =K66-U66 -> 158137 | W66: ='MSPL-2(LOT)'!L63+'MSPL-2(LOT)'!L100+'MSPL-2(LOT)'!L137+'MSPL-2(LOT)'!L174+'MSPL-2(LOT)'!L211 -> 0 | X66: =K66-W66 -> 158137 | Y66: ='MSPL-2(LOT)'!N63+'MSPL-2(LOT)'!N100+'MSPL-2(LOT)'!N137+'MSPL-2(LOT)'!N174+'MSPL-2(LOT)'!N211 -> 0 | Z66: =K66-Y66 -> 158137 | AA66: =W66-Y66 -> 0 | AB66: =D66*W66/1000 -> 0 | AC66: =U66-W66 -> 0 | AD66: =D66*K66/1000 -> 3241.8085 | AE66: =AD66/65 -> 49.873977 | AF66: =D66*U66/1000/65 -> 0 | AG66: =AE66-AF66 -> 49.873977
A67: 25 | B67: Science | D67: 20.5 | F67: 30762 | G67: 31481 | H67: 32595 | I67: 35878 | J67: 27421 | K67: =SUM(F67:J67) -> 158137 | L67: 2 | M67: 264 | O67: =M67-N67 -> 264 | Q67: =K67-P67 -> 158137 | R67: =D67/L67*K67 -> 1620904.2 | S67: ='MSPL-2(LOT)'!H64+'MSPL-2(LOT)'!H101+'MSPL-2(LOT)'!H138+'MSPL-2(LOT)'!H175+'MSPL-2(LOT)'!H212 -> 0 | T67: =R67-S67 -> 1620904.2 | U67: =S67/D67*2 -> 0 | V67: =K67-U67 -> 158137 | W67: ='MSPL-2(LOT)'!L64+'MSPL-2(LOT)'!L101+'MSPL-2(LOT)'!L138+'MSPL-2(LOT)'!L175+'MSPL-2(LOT)'!L212 -> 0 | X67: =K67-W67 -> 158137 | Y67: ='MSPL-2(LOT)'!N64+'MSPL-2(LOT)'!N101+'MSPL-2(LOT)'!N138+'MSPL-2(LOT)'!N175+'MSPL-2(LOT)'!N212 -> 0 | Z67: =K67-Y67 -> 158137 | AA67: =W67-Y67 -> 0 | AB67: =D67*W67/1000 -> 0 | AC67: =U67-W67 -> 0 | AD67: =D67*K67/1000 -> 3241.8085 | AE67: =AD67/65 -> 49.873977 | AF67: =D67*U67/1000/65 -> 0 | AG67: =AE67-AF67 -> 49.873977
A68: 26 | B68: Islam | D68: 10.5 | F68: 28230 | G68: 27782 | H68: 28835 | I68: 34554 | J68: 24153 | K68: =SUM(F68:J68) -> 143554 | L68: 2 | M68: 144 | O68: =M68-N68 -> 144 | Q68: =K68-P68 -> 143554 | R68: =D68/L68*K68 -> 753658.5 | S68: ='MSPL-2(LOT)'!H65+'MSPL-2(LOT)'!H102+'MSPL-2(LOT)'!H139+'MSPL-2(LOT)'!H176+'MSPL-2(LOT)'!H213 -> 0 | T68: =R68-S68 -> 753658.5 | U68: =S68/D68*2 -> 0 | V68: =K68-U68 -> 143554 | W68: ='MSPL-2(LOT)'!L65+'MSPL-2(LOT)'!L102+'MSPL-2(LOT)'!L139+'MSPL-2(LOT)'!L176+'MSPL-2(LOT)'!L213 -> 0 | X68: =K68-W68 -> 143554 | Y68: ='MSPL-2(LOT)'!N65+'MSPL-2(LOT)'!N102+'MSPL-2(LOT)'!N139+'MSPL-2(LOT)'!N176+'MSPL-2(LOT)'!N213 -> 0 | Z68: =K68-Y68 -> 143554 | AA68: =W68-Y68 -> 0 | AB68: =D68*W68/1000 -> 0 | AC68: =U68-W68 -> 0 | AD68: =D68*K68/1000 -> 1507.317 | AE68: =AD68/65 -> 23.189492 | AF68: =D68*U68/1000/65 -> 0 | AG68: =AE68-AF68 -> 23.189492
A69: 27 | B69: Hindu | D69: 12.5 | F69: 2529 | G69: 3549 | H69: 3708 | I69: 1118 | J69: 3143 | K69: =SUM(F69:J69) -> 14047 | L69: 2 | M69: 56 | O69: =M69-N69 -> 56 | Q69: =K69-P69 -> 14047 | R69: =D69/L69*K69 -> 87793.75 | S69: ='MSPL-2(LOT)'!H66+'MSPL-2(LOT)'!H103+'MSPL-2(LOT)'!H140+'MSPL-2(LOT)'!H177+'MSPL-2(LOT)'!H214 -> 0 | T69: =R69-S69 -> 87793.75 | U69: =S69/D69*2 -> 0 | V69: =K69-U69 -> 14047 | W69: ='MSPL-2(LOT)'!L66+'MSPL-2(LOT)'!L103+'MSPL-2(LOT)'!L140+'MSPL-2(LOT)'!L177+'MSPL-2(LOT)'!L214 -> 0 | X69: =K69-W69 -> 14047 | Y69: ='MSPL-2(LOT)'!N66+'MSPL-2(LOT)'!N103+'MSPL-2(LOT)'!N140+'MSPL-2(LOT)'!N177+'MSPL-2(LOT)'!N214 -> 0 | Z69: =K69-Y69 -> 14047 | AA69: =W69-Y69 -> 0 | AB69: =D69*W69/1000 -> 0 | AC69: =U69-W69 -> 0 | AD69: =D69*K69/1000 -> 175.5875 | AE69: =AD69/65 -> 2.7013462 | AF69: =D69*U69/1000/65 -> 0 | AG69: =AE69-AF69 -> 2.7013462
A70: Grand Total | F70: =SUM(F43:F69) -> 834870 | G70: =SUM(G43:G69) -> 806057 | H70: =SUM(H43:H69) -> 874367 | I70: =SUM(I43:I69) -> 888748 | J70: =SUM(J43:J69) -> 627854 | K70: =SUM(K43:K69) -> 4031896 | L70: =SUM(L43:L69) -> 54 | M70: =SUM(M43:M69) -> 4856 | ... AH70: =SUM(AH43:AH69) -> 0
AB73: Manager (Production)
A74: gvóvi wm‡g· †ccvi wjt (BDwbU-2)
A75: Kz`ve,c~evBj, MvRxcyi|
A76: RvZxq wkÿvµg I cvV¨cy¯ÍK †evW© Gi 2027 wkÿve‡l©i cvV¨cy¯ÍK g~`ªY, evuavB I mieiv‡ni wbwg‡Ë cwiKíbv cÖwZ‡e`b
A77: 7g †kÖbx gva¨wgK-2027 | AD77: =AD4 -> ZvwiLt-02/08/26
A78: µ | B78: welq | C78: ‡kÖYx | D78: dg©v | F78: jU bs | K78: ‡gvU eB | L78: dg©v m~Î | M78: ‡cøU | P78: Kfvi | R78: wcÖw›Us Bg‡cÖkb | U78: wcÖw›Us eB | W78: evBwÛs | Y78: ‡Wwjfvix | AA78: ÷K eB | AB78: evBwÛs n‡q‡Q wig | AC78: evBwÛs Gi Rb¨ A‡cÿgvb | AD78: ‡ccvi | AH78: evBÛvi
F79: jU-706 | G79: jU-708 | H79: jU-757 | I79: jU-759 | J79: jU-762 | M79: Pvwn`v | N79: wiwmf | O79: evwK | P79: wiwmf | Q79: evwK | R79: ‡gvU B‡¤úªkb | S79: wcÖw›Us | T79: evwK | U79: wcÖw›Us | V79: evwK | W79: evBwÛs | X79: evwK | Y79: ‡Wwjfvix | Z79: evwK | AD79: wig | AE79: Ub | AF79: e¨envi | AG79: evwK
A80: 1 | B80: mßeY©v | C80: 7g | D80: 12.5 | F80: 33510 | G80: 44370 | H80: 38150 | I80: 53593 | J80: 27615 | K80: =SUM(F80:J80) -> 197238 | L80: 3.25 | M80: 42 | O80: =M80-N80 -> 42 | Q80: =K80-P80 -> 197238 | R80: =L80*K80 -> 641023.5 | S80: ='MSPL-2(LOT)'!H225+'MSPL-2(LOT)'!H257+'MSPL-2(LOT)'!H289+'MSPL-2(LOT)'!H321+'MSPL-2(LOT)'!H353 -> 0 | T80: =R80-S80 -> 641023.5 | U80: =S80/L80 -> 0 | V80: =K80-U80 -> 197238 | W80: ='MSPL-2(LOT)'!L225+'MSPL-2(LOT)'!L257+'MSPL-2(LOT)'!L289+'MSPL-2(LOT)'!L321+'MSPL-2(LOT)'!L353 -> 0 | X80: =K80-W80 -> 197238 | Y80: ='MSPL-2(LOT)'!N225+'MSPL-2(LOT)'!N257+'MSPL-2(LOT)'!N289+'MSPL-2(LOT)'!N321+'MSPL-2(LOT)'!N353 -> 0 | Z80: =K80-Y80 -> 197238 | AA80: =W80-Y80 -> 0 | AB80: =D80*W80/1000 -> 0 | AC80: =U80-W80 -> 0 | AD80: =D80*K80/1000 -> 2465.475 | AE80: =AD80/75 -> 32.873 | AF80: =D80*U80/1000/75 -> 0 | AG80: =AE80-AF80 -> 32.873
A81: 2 | B81: Avj›` cvV | C81: 7g | D81: 8.5 | F81: 33510 | G81: 44370 | H81: 38150 | I81: 53593 | J81: 27615 | K81: =SUM(F81:J81) -> 197238 | L81: 2.25 | M81: 30 | O81: =M81-N81 -> 30 | Q81: =K81-P81 -> 197238 | R81: =L81*K81 -> 443785.5 | S81: ='MSPL-2(LOT)'!H226+'MSPL-2(LOT)'!H258+'MSPL-2(LOT)'!H290+'MSPL-2(LOT)'!H322+'MSPL-2(LOT)'!H354 -> 0 | T81: =R81-S81 -> 443785.5 | U81: =S81/L81 -> 0 | V81: =K81-U81 -> 197238 | W81: ='MSPL-2(LOT)'!L226+'MSPL-2(LOT)'!L258+'MSPL-2(LOT)'!L290+'MSPL-2(LOT)'!L322+'MSPL-2(LOT)'!L354 -> 0 | X81: =K81-W81 -> 197238 | Y81: ='MSPL-2(LOT)'!N226+'MSPL-2(LOT)'!N258+'MSPL-2(LOT)'!N290+'MSPL-2(LOT)'!N322+'MSPL-2(LOT)'!N354 -> 0 | Z81: =K81-Y81 -> 197238 | AA81: =W81-Y81 -> 0 | AB81: =D81*W81/1000 -> 0 | AC81: =U81-W81 -> 0 | AD81: =D81*K81/1000 -> 1676.523 | AE81: =AD81/75 -> 22.35364 | AF81: =D81*U81/1000/75 -> 0 | AG81: =AE81-AF81 -> 22.35364
A82: 3 | B82: e¨vKiY | C82: 7g | D82: 16.5 | F82: 33510 | G82: 44370 | H82: 38150 | I82: 53593 | J82: 27615 | K82: =SUM(F82:J82) -> 197238 | L82: 4.25 | M82: 54 | O82: =M82-N82 -> 54 | Q82: =K82-P82 -> 197238 | R82: =L82*K82 -> 838261.5 | S82: ='MSPL-2(LOT)'!H227+'MSPL-2(LOT)'!H259+'MSPL-2(LOT)'!H291+'MSPL-2(LOT)'!H323+'MSPL-2(LOT)'!H355 -> 0 | T82: =R82-S82 -> 838261.5 | U82: =S82/L82 -> 0 | V82: =K82-U82 -> 197238 | W82: ='MSPL-2(LOT)'!L227+'MSPL-2(LOT)'!L259+'MSPL-2(LOT)'!L291+'MSPL-2(LOT)'!L323+'MSPL-2(LOT)'!L355 -> 0 | X82: =K82-W82 -> 197238 | Y82: ='MSPL-2(LOT)'!N227+'MSPL-2(LOT)'!N259+'MSPL-2(LOT)'!N291+'MSPL-2(LOT)'!N323+'MSPL-2(LOT)'!N355 -> 0 | Z82: =K82-Y82 -> 197238 | AA82: =W82-Y82 -> 0 | AB82: =D82*W82/1000 -> 0 | AC82: =U82-W82 -> 0 | AD82: =D82*K82/1000 -> 3254.427 | AE82: =AD82/75 -> 43.39236 | AF82: =D82*U82/1000/75 -> 0 | AG82: =AE82-AF82 -> 43.39236
A83: 4 | B83: Bs‡iRx | C83: 7g | D83: 15 | F83: 33510 | G83: 44370 | H83: 38150 | I83: 53593 | J83: 27615 | K83: =SUM(F83:J83) -> 197238 | L83: 4.25 | M83: 48 | O83: =M83-N83 -> 48 | Q83: =K83-P83 -> 197238 | R83: =L83*K83 -> 838261.5 | S83: ='MSPL-2(LOT)'!H228+'MSPL-2(LOT)'!H260+'MSPL-2(LOT)'!H292+'MSPL-2(LOT)'!H324+'MSPL-2(LOT)'!H356 -> 0 | T83: =R83-S83 -> 838261.5 | U83: =S83/L83 -> 0 | V83: =K83-U83 -> 197238 | W83: ='MSPL-2(LOT)'!L228+'MSPL-2(LOT)'!L260+'MSPL-2(LOT)'!L292+'MSPL-2(LOT)'!L324+'MSPL-2(LOT)'!L356 -> 0 | X83: =K83-W83 -> 197238 | Y83: ='MSPL-2(LOT)'!N228+'MSPL-2(LOT)'!N260+'MSPL-2(LOT)'!N292+'MSPL-2(LOT)'!N324+'MSPL-2(LOT)'!N356 -> 0 | Z83: =K83-Y83 -> 197238 | AA83: =W83-Y83 -> 0 | AB83: =D83*W83/1000 -> 0 | AC83: =U83-W83 -> 0 | AD83: =D83*K83/1000 -> 2958.57 | AE83: =AD83/75 -> 39.4476 | AF83: =D83*U83/1000/75 -> 0 | AG83: =AE83-AF83 -> 39.4476
A84: 5 | B84: Mªvgvi | C84: 7g | D84: 26 | F84: 33510 | G84: 44370 | H84: 38150 | I84: 53593 | J84: 27615 | K84: =SUM(F84:J84) -> 197238 | L84: 7 | M84: 78 | O84: =M84-N84 -> 78 | Q84: =K84-P84 -> 197238 | R84: =L84*K84 -> 1380666 | S84: ='MSPL-2(LOT)'!H229+'MSPL-2(LOT)'!H261+'MSPL-2(LOT)'!H293+'MSPL-2(LOT)'!H325+'MSPL-2(LOT)'!H357 -> 0 | T84: =R84-S84 -> 1380666 | U84: =S84/L84 -> 0 | V84: =K84-U84 -> 197238 | W84: ='MSPL-2(LOT)'!L229+'MSPL-2(LOT)'!L261+'MSPL-2(LOT)'!L293+'MSPL-2(LOT)'!L325+'MSPL-2(LOT)'!L357 -> 0 | X84: =K84-W84 -> 197238 | Y84: ='MSPL-2(LOT)'!N229+'MSPL-2(LOT)'!N261+'MSPL-2(LOT)'!N293+'MSPL-2(LOT)'!N325+'MSPL-2(LOT)'!N357 -> 0 | Z84: =K84-Y84 -> 197238 | AA84: =W84-Y84 -> 0 | AB84: =D84*W84/1000 -> 0 | AC84: =U84-W84 -> 0 | AD84: =D84*K84/1000 -> 5128.188 | AE84: =AD84/75 -> 68.37584 | AF84: =D84*U84/1000/75 -> 0 | AG84: =AE84-AF84 -> 68.37584
A85: 6 | B85: MwYZ | C85: 7g | D85: 22.5 | F85: 33510 | G85: 44370 | H85: 38150 | I85: 53593 | J85: 27615 | K85: =SUM(F85:J85) -> 197238 | L85: 6.25 | M85: 72 | O85: =M85-N85 -> 72 | Q85: =K85-P85 -> 197238 | R85: =L85*K85 -> 1232737.5 | S85: ='MSPL-2(LOT)'!H230+'MSPL-2(LOT)'!H262+'MSPL-2(LOT)'!H294+'MSPL-2(LOT)'!H326+'MSPL-2(LOT)'!H358 -> 0 | T85: =R85-S85 -> 1232737.5 | U85: =S85/L85 -> 0 | V85: =K85-U85 -> 197238 | W85: ='MSPL-2(LOT)'!L230+'MSPL-2(LOT)'!L262+'MSPL-2(LOT)'!L294+'MSPL-2(LOT)'!L326+'MSPL-2(LOT)'!L358 -> 0 | X85: =K85-W85 -> 197238 | Y85: ='MSPL-2(LOT)'!N230+'MSPL-2(LOT)'!N262+'MSPL-2(LOT)'!N294+'MSPL-2(LOT)'!N326+'MSPL-2(LOT)'!N358 -> 0 | Z85: =K85-Y85 -> 197238 | AA85: =W85-Y85 -> 0 | AB85: =D85*W85/1000 -> 0 | AC85: =U85-W85 -> 0 | AD85: =D85*K85/1000 -> 4437.855 | AE85: =AD85/75 -> 59.1714 | AF85: =D85*U85/1000/75 -> 0 | AG85: =AE85-AF85 -> 59.1714
A86: 7 | B86: evsjv‡`k I wek^ | C86: 7g | D86: 14.5 | F86: 33510 | G86: 44370 | H86: 38150 | I86: 53593 | J86: 27615 | K86: =SUM(F86:J86) -> 197238 | L86: 4.25 | M86: 48 | O86: =M86-N86 -> 48 | Q86: =K86-P86 -> 197238 | R86: =L86*K86 -> 838261.5 | S86: ='MSPL-2(LOT)'!H231+'MSPL-2(LOT)'!H263+'MSPL-2(LOT)'!H295+'MSPL-2(LOT)'!H327+'MSPL-2(LOT)'!H359 -> 0 | T86: =R86-S86 -> 838261.5 | U86: =S86/L86 -> 0 | V86: =K86-U86 -> 197238 | W86: ='MSPL-2(LOT)'!L231+'MSPL-2(LOT)'!L263+'MSPL-2(LOT)'!L295+'MSPL-2(LOT)'!L327+'MSPL-2(LOT)'!L359 -> 0 | X86: =K86-W86 -> 197238 | Y86: ='MSPL-2(LOT)'!N231+'MSPL-2(LOT)'!N263+'MSPL-2(LOT)'!N295+'MSPL-2(LOT)'!N327+'MSPL-2(LOT)'!N359 -> 0 | Z86: =K86-Y86 -> 197238 | AA86: =W86-Y86 -> 0 | AB86: =D86*W86/1000 -> 0 | AC86: =U86-W86 -> 0 | AD86: =D86*K86/1000 -> 2859.951 | AE86: =AD86/75 -> 38.13268 | AF86: =D86*U86/1000/75 -> 0 | AG86: =AE86-AF86 -> 38.13268
A87: 8 | B87: weÁvb | C87: 7g | D87: 20.5 | F87: 33510 | G87: 44460 | H87: 38150 | I87: 53593 | J87: 27615 | K87: =SUM(F87:J87) -> 197328 | L87: 5.25 | M87: 66 | O87: =M87-N87 -> 66 | Q87: =K87-P87 -> 197328 | R87: =L87*K87 -> 1035972 | S87: ='MSPL-2(LOT)'!H232+'MSPL-2(LOT)'!H264+'MSPL-2(LOT)'!H296+'MSPL-2(LOT)'!H328+'MSPL-2(LOT)'!H360 -> 0 | T87: =R87-S87 -> 1035972 | U87: =S87/L87 -> 0 | V87: =K87-U87 -> 197328 | W87: ='MSPL-2(LOT)'!L232+'MSPL-2(LOT)'!L264+'MSPL-2(LOT)'!L296+'MSPL-2(LOT)'!L328+'MSPL-2(LOT)'!L360 -> 0 | X87: =K87-W87 -> 197328 | Y87: ='MSPL-2(LOT)'!N232+'MSPL-2(LOT)'!N264+'MSPL-2(LOT)'!N296+'MSPL-2(LOT)'!N328+'MSPL-2(LOT)'!N360 -> 0 | Z87: =K87-Y87 -> 197328 | AA87: =W87-Y87 -> 0 | AB87: =D87*W87/1000 -> 0 | AC87: =U87-W87 -> 0 | AD87: =D87*K87/1000 -> 4045.224 | AE87: =AD87/75 -> 53.93632 | AF87: =D87*U87/1000/75 -> 0 | AG87: =AE87-AF87 -> 53.93632
A88: 9 | B88: kvixwiK | C88: 7g | D88: 7.5 | F88: 1570 | G88: 1750 | H88: 7580 | I88: 6590 | J88: 2100 | K88: =SUM(F88:J88) -> 19590 | L88: 2.75 | M88: 10 | O88: =M88-N88 -> 10 | Q88: =K88-P88 -> 19590 | R88: =L88*K88 -> 53872.5 | S88: ='MSPL-2(LOT)'!H233+'MSPL-2(LOT)'!H265+'MSPL-2(LOT)'!H297+'MSPL-2(LOT)'!H329+'MSPL-2(LOT)'!H361 -> 0 | T88: =R88-S88 -> 53872.5 | U88: =S88/L88 -> 0 | V88: =K88-U88 -> 19590 | W88: ='MSPL-2(LOT)'!L233+'MSPL-2(LOT)'!L265+'MSPL-2(LOT)'!L297+'MSPL-2(LOT)'!L329+'MSPL-2(LOT)'!L361 -> 0 | X88: =K88-W88 -> 19590 | Y88: ='MSPL-2(LOT)'!N233+'MSPL-2(LOT)'!N265+'MSPL-2(LOT)'!N297+'MSPL-2(LOT)'!N329+'MSPL-2(LOT)'!N361 -> 0 | Z88: =K88-Y88 -> 19590 | AA88: =W88-Y88 -> 0 | AB88: =D88*W88/1000 -> 0 | AC88: =U88-W88 -> 0 | AD88: =D88*K88/1000 -> 146.925 | AE88: =AD88/75 -> 1.959 | AF88: =D88*U88/1000/75 -> 0 | AG88: =AE88-AF88 -> 1.959
A89: 10 | B89: Z_¨ I †hvMv‡hvM | C89: 7g | D89: 9.5 | F89: 33510 | G89: 44370 | H89: 38150 | I89: 53593 | J89: 27615 | K89: =SUM(F89:J89) -> 197238 | L89: 4.75 | M89: 120 | O89: =M89-N89 -> 120 | Q89: =K89-P89 -> 197238 | R89: =L89*K89 -> 936880.5 | S89: ='MSPL-2(LOT)'!H234+'MSPL-2(LOT)'!H266+'MSPL-2(LOT)'!H298+'MSPL-2(LOT)'!H330+'MSPL-2(LOT)'!H362 -> 0 | T89: =R89-S89 -> 936880.5 | U89: =S89/L89 -> 0 | V89: =K89-U89 -> 197238 | W89: ='MSPL-2(LOT)'!L234+'MSPL-2(LOT)'!L266+'MSPL-2(LOT)'!L298+'MSPL-2(LOT)'!L330+'MSPL-2(LOT)'!L362 -> 0 | X89: =K89-W89 -> 197238 | Y89: ='MSPL-2(LOT)'!N234+'MSPL-2(LOT)'!N266+'MSPL-2(LOT)'!N298+'MSPL-2(LOT)'!N330+'MSPL-2(LOT)'!N362 -> 0 | Z89: =K89-Y89 -> 197238 | AA89: =W89-Y89 -> 0 | AB89: =D89*W89/1000 -> 0 | AC89: =U89-W89 -> 0 | AD89: =D89*K89/1000 -> 1873.761 | AE89: =AD89/75 -> 24.98348 | AF89: =D89*U89/1000/75 -> 0 | AG89: =AE89-AF89 -> 24.98348
A90: 11 | B90: Pviæ I KviæKjv | C90: 7g | D90: 9 | F90: 1500 | G90: 1000 | H90: 450 | I90: 717 | K90: =SUM(F90:J90) -> 3667 | L90: 2.5 | M90: 10 | O90: =M90-N90 -> 10 | Q90: =K90-P90 -> 3667 | R90: =L90*K90 -> 9167.5 | S90: ='MSPL-2(LOT)'!H235+'MSPL-2(LOT)'!H267+'MSPL-2(LOT)'!H299+'MSPL-2(LOT)'!H331+'MSPL-2(LOT)'!H363 -> 0 | T90: =R90-S90 -> 9167.5 | U90: =S90/L90 -> 0 | V90: =K90-U90 -> 3667 | W90: ='MSPL-2(LOT)'!L235+'MSPL-2(LOT)'!L267+'MSPL-2(LOT)'!L299+'MSPL-2(LOT)'!L331+'MSPL-2(LOT)'!L363 -> 0 | X90: =K90-W90 -> 3667 | Y90: ='MSPL-2(LOT)'!N235+'MSPL-2(LOT)'!N267+'MSPL-2(LOT)'!N299+'MSPL-2(LOT)'!N331+'MSPL-2(LOT)'!N363 -> 0 | Z90: =K90-Y90 -> 3667 | AA90: =W90-Y90 -> 0 | AB90: =D90*W90/1000 -> 0 | AC90: =U90-W90 -> 0 | AD90: =D90*K90/1000 -> 33.003 | AE90: =AD90/75 -> 0.44004 | AF90: =D90*U90/1000/75 -> 0 | AG90: =AE90-AF90 -> 0.44004
A91: 12 | B91: Kg© I Rxeb | C91: 7g | D91: 7 | F91: 1760 | H91: 800 | K91: =SUM(F91:J91) -> 2560 | L91: 2.5 | M91: 8 | O91: =M91-N91 -> 8 | Q91: =K91-P91 -> 2560 | R91: =L91*K91 -> 6400 | S91: ='MSPL-2(LOT)'!H236+'MSPL-2(LOT)'!H268+'MSPL-2(LOT)'!H300+'MSPL-2(LOT)'!H332+'MSPL-2(LOT)'!H364 -> 0 | T91: =R91-S91 -> 6400 | U91: =S91/L91 -> 0 | V91: =K91-U91 -> 2560 | W91: ='MSPL-2(LOT)'!L236+'MSPL-2(LOT)'!L268+'MSPL-2(LOT)'!L300+'MSPL-2(LOT)'!L332+'MSPL-2(LOT)'!L364 -> 0 | X91: =K91-W91 -> 2560 | Y91: ='MSPL-2(LOT)'!N236+'MSPL-2(LOT)'!N268+'MSPL-2(LOT)'!N300+'MSPL-2(LOT)'!N332+'MSPL-2(LOT)'!N364 -> 0 | Z91: =K91-Y91 -> 2560 | AA91: =W91-Y91 -> 0 | AB91: =D91*W91/1000 -> 0 | AC91: =U91-W91 -> 0 | AD91: =D91*K91/1000 -> 17.92 | AE91: =AD91/75 -> 0.23893333 | AF91: =D91*U91/1000/75 -> 0 | AG91: =AE91-AF91 -> 0.23893333
A92: 13 | B92: K…wl | C92: 7g | D92: 16 | F92: 20650 | G92: 34660 | H92: 27780 | I92: 40016 | J92: 25015 | K92: =SUM(F92:J92) -> 148121 | L92: 4 | M92: 48 | O92: =M92-N92 -> 48 | Q92: =K92-P92 -> 148121 | R92: =L92*K92 -> 592484 | S92: ='MSPL-2(LOT)'!H237+'MSPL-2(LOT)'!H269+'MSPL-2(LOT)'!H301+'MSPL-2(LOT)'!H333+'MSPL-2(LOT)'!H365 -> 0 | T92: =R92-S92 -> 592484 | U92: =S92/L92 -> 0 | V92: =K92-U92 -> 148121 | W92: ='MSPL-2(LOT)'!L237+'MSPL-2(LOT)'!L269+'MSPL-2(LOT)'!L301+'MSPL-2(LOT)'!L333+'MSPL-2(LOT)'!L365 -> 0 | X92: =K92-W92 -> 148121 | Y92: ='MSPL-2(LOT)'!N237+'MSPL-2(LOT)'!N269+'MSPL-2(LOT)'!N301+'MSPL-2(LOT)'!N333+'MSPL-2(LOT)'!N365 -> 0 | Z92: =K92-Y92 -> 148121 | AA92: =W92-Y92 -> 0 | AB92: =D92*W92/1000 -> 0 | AC92: =U92-W92 -> 0 | AD92: =D92*K92/1000 -> 2369.936 | AE92: =AD92/75 -> 31.599147 | AF92: =D92*U92/1000/75 -> 0 | AG92: =AE92-AF92 -> 31.599147
A93: 14 | B93: Mv©¯’n¨ | C93: 7g | D93: 18.5 | F93: 14030 | G93: 8960 | H93: 1575 | I93: 6370 | J93: 560 | K93: =SUM(F93:J93) -> 31495 | L93: 5.25 | M93: 20 | O93: =M93-N93 -> 20 | Q93: =K93-P93 -> 31495 | R93: =L93*K93 -> 165348.75 | S93: ='MSPL-2(LOT)'!H238+'MSPL-2(LOT)'!H270+'MSPL-2(LOT)'!H302+'MSPL-2(LOT)'!H334+'MSPL-2(LOT)'!H366 -> 0 | T93: =R93-S93 -> 165348.75 | U93: =S93/L93 -> 0 | V93: =K93-U93 -> 31495 | W93: ='MSPL-2(LOT)'!L238+'MSPL-2(LOT)'!L270+'MSPL-2(LOT)'!L302+'MSPL-2(LOT)'!L334+'MSPL-2(LOT)'!L366 -> 0 | X93: =K93-W93 -> 31495 | Y93: ='MSPL-2(LOT)'!N238+'MSPL-2(LOT)'!N270+'MSPL-2(LOT)'!N302+'MSPL-2(LOT)'!N334+'MSPL-2(LOT)'!N366 -> 0 | Z93: =K93-Y93 -> 31495 | AA93: =W93-Y93 -> 0 | AB93: =D93*W93/1000 -> 0 | AC93: =U93-W93 -> 0 | AD93: =D93*K93/1000 -> 582.6575 | AE93: =AD93/75 -> 7.7687667 | AF93: =D93*U93/1000/75 -> 0 | AG93: =AE93-AF93 -> 7.7687667
A94: 15 | B94: Bmjvg | C94: 7g | D94: 15.5 | F94: 28490 | G94: 40200 | H94: 29420 | I94: 38452 | J94: 21320 | K94: =SUM(F94:J94) -> 157882 | L94: 4.75 | M94: 48 | O94: =M94-N94 -> 48 | Q94: =K94-P94 -> 157882 | R94: =L94*K94 -> 749939.5 | S94: ='MSPL-2(LOT)'!H239+'MSPL-2(LOT)'!H271+'MSPL-2(LOT)'!H303+'MSPL-2(LOT)'!H335+'MSPL-2(LOT)'!H367 -> 0 | T94: =R94-S94 -> 749939.5 | U94: =S94/L94 -> 0 | V94: =K94-U94 -> 157882 | W94: ='MSPL-2(LOT)'!L239+'MSPL-2(LOT)'!L271+'MSPL-2(LOT)'!L303+'MSPL-2(LOT)'!L335+'MSPL-2(LOT)'!L367 -> 0 | X94: =K94-W94 -> 157882 | Y94: ='MSPL-2(LOT)'!N239+'MSPL-2(LOT)'!N271+'MSPL-2(LOT)'!N303+'MSPL-2(LOT)'!N335+'MSPL-2(LOT)'!N367 -> 0 | Z94: =K94-Y94 -> 157882 | AA94: =W94-Y94 -> 0 | AB94: =D94*W94/1000 -> 0 | AC94: =U94-W94 -> 0 | AD94: =D94*K94/1000 -> 2447.171 | AE94: =AD94/75 -> 32.628947 | AF94: =D94*U94/1000/75 -> 0 | AG94: =AE94-AF94 -> 32.628947
A95: 16 | B95: wn›`yy | C95: 7g | D95: 10.5 | F95: 6142 | G95: 4170 | H95: 8540 | I95: 14182 | J95: 6220 | K95: =SUM(F95:J95) -> 39254 | L95: 3.25 | M95: 12 | O95: =M95-N95 -> 12 | Q95: =K95-P95 -> 39254 | R95: =L95*K95 -> 127575.5 | S95: ='MSPL-2(LOT)'!H240+'MSPL-2(LOT)'!H272+'MSPL-2(LOT)'!H304+'MSPL-2(LOT)'!H336+'MSPL-2(LOT)'!H368 -> 0 | T95: =R95-S95 -> 127575.5 | U95: =S95/L95 -> 0 | V95: =K95-U95 -> 39254 | W95: ='MSPL-2(LOT)'!L240+'MSPL-2(LOT)'!L272+'MSPL-2(LOT)'!L304+'MSPL-2(LOT)'!L336+'MSPL-2(LOT)'!L368 -> 0 | X95: =K95-W95 -> 39254 | Y95: ='MSPL-2(LOT)'!N240+'MSPL-2(LOT)'!N272+'MSPL-2(LOT)'!N304+'MSPL-2(LOT)'!N336+'MSPL-2(LOT)'!N368 -> 0 | Z95: =K95-Y95 -> 39254 | AA95: =W95-Y95 -> 0 | AB95: =D95*W95/1000 -> 0 | AC95: =U95-W95 -> 0 | AD95: =D95*K95/1000 -> 412.167 | AE95: =AD95/75 -> 5.49556 | AF95: =D95*U95/1000/75 -> 0 | AG95: =AE95-AF95 -> 5.49556
A96: 17 | B96: wLªóvY© | C96: 7g | D96: 11.5 | F96: 1853 | G96: 5 | H96: 175 | I96: 928 | J96: 55 | K96: =SUM(F96:J96) -> 3016 | L96: 3.75 | M96: 14 | O96: =M96-N96 -> 14 | Q96: =K96-P96 -> 3016 | R96: =L96*K96 -> 11310 | S96: ='MSPL-2(LOT)'!H241+'MSPL-2(LOT)'!H273+'MSPL-2(LOT)'!H305+'MSPL-2(LOT)'!H337+'MSPL-2(LOT)'!H369 -> 0 | T96: =R96-S96 -> 11310 | U96: =S96/L96 -> 0 | V96: =K96-U96 -> 3016 | W96: ='MSPL-2(LOT)'!L241+'MSPL-2(LOT)'!L273+'MSPL-2(LOT)'!L305+'MSPL-2(LOT)'!L337+'MSPL-2(LOT)'!L369 -> 0 | X96: =K96-W96 -> 3016 | Y96: ='MSPL-2(LOT)'!N241+'MSPL-2(LOT)'!N273+'MSPL-2(LOT)'!N305+'MSPL-2(LOT)'!N337+'MSPL-2(LOT)'!N369 -> 0 | Z96: =K96-Y96 -> 3016 | AA96: =W96-Y96 -> 0 | AB96: =D96*W96/1000 -> 0 | AC96: =U96-W96 -> 0 | AD96: =D96*K96/1000 -> 34.684 | AE96: =AD96/75 -> 0.46245333 | AF96: =D96*U96/1000/75 -> 0 | AG96: =AE96-AF96 -> 0.46245333
A97: 18 | B97: ‡eŠ× | C97: 7g | D97: 14 | F97: 1525 | G97: 5 | H97: 15 | I97: 45 | K97: =SUM(F97:J97) -> 1590 | L97: 4 | M97: 14 | O97: =M97-N97 -> 14 | Q97: =K97-P97 -> 1590 | R97: =L97*K97 -> 6360 | S97: ='MSPL-2(LOT)'!H242+'MSPL-2(LOT)'!H274+'MSPL-2(LOT)'!H306+'MSPL-2(LOT)'!H338+'MSPL-2(LOT)'!H370 -> 0 | T97: =R97-S97 -> 6360 | U97: =S97/L97 -> 0 | V97: =K97-U97 -> 1590 | W97: ='MSPL-2(LOT)'!L242+'MSPL-2(LOT)'!L274+'MSPL-2(LOT)'!L306+'MSPL-2(LOT)'!L338+'MSPL-2(LOT)'!L370 -> 0 | X97: =K97-W97 -> 1590 | Y97: ='MSPL-2(LOT)'!N242+'MSPL-2(LOT)'!N274+'MSPL-2(LOT)'!N306+'MSPL-2(LOT)'!N338+'MSPL-2(LOT)'!N370 -> 0 | Z97: =K97-Y97 -> 1590 | AA97: =W97-Y97 -> 0 | AB97: =D97*W97/1000 -> 0 | AC97: =U97-W97 -> 0 | AD97: =D97*K97/1000 -> 22.26 | AE97: =AD97/75 -> 0.2968 | AF97: =D97*U97/1000/75 -> 0 | AG97: =AE97-AF97 -> 0.2968
A98: 19 | B98: ms¯‹…Z | C98: 7g | D98: 8.5 | F98: 1500 | K98: =SUM(F98:J98) -> 1500 | L98: 2.25 | M98: 10 | O98: =M98-N98 -> 10 | Q98: =K98-P98 -> 1500 | R98: =L98*K98 -> 3375 | S98: ='MSPL-2(LOT)'!H243+'MSPL-2(LOT)'!H275+'MSPL-2(LOT)'!H307+'MSPL-2(LOT)'!H339+'MSPL-2(LOT)'!H371 -> 0 | T98: =R98-S98 -> 3375 | U98: =S98/L98 -> 0 | V98: =K98-U98 -> 1500 | W98: ='MSPL-2(LOT)'!L243+'MSPL-2(LOT)'!L275+'MSPL-2(LOT)'!L307+'MSPL-2(LOT)'!L339+'MSPL-2(LOT)'!L371 -> 0 | X98: =K98-W98 -> 1500 | Y98: ='MSPL-2(LOT)'!N243+'MSPL-2(LOT)'!N275+'MSPL-2(LOT)'!N307+'MSPL-2(LOT)'!N339+'MSPL-2(LOT)'!N371 -> 0 | Z98: =K98-Y98 -> 1500 | AA98: =W98-Y98 -> 0 | AB98: =D98*W98/1000 -> 0 | AC98: =U98-W98 -> 0 | AD98: =D98*K98/1000 -> 12.75 | AE98: =AD98/75 -> 0.17 | AF98: =D98*U98/1000/75 -> 0 | AG98: =AE98-AF98 -> 0.17
A99: 20 | B99: mnR Aviwe | C99: 7g | D99: 9.5 | F99: 1500 | K99: =SUM(F99:J99) -> 1500 | L99: 2.75 | M99: 12 | O99: =M99-N99 -> 12 | Q99: =K99-P99 -> 1500 | R99: =L99*K99 -> 4125 | S99: ='MSPL-2(LOT)'!H244+'MSPL-2(LOT)'!H276+'MSPL-2(LOT)'!H308+'MSPL-2(LOT)'!H340+'MSPL-2(LOT)'!H372 -> 0 | T99: =R99-S99 -> 4125 | U99: =S99/L99 -> 0 | V99: =K99-U99 -> 1500 | W99: ='MSPL-2(LOT)'!L244+'MSPL-2(LOT)'!L276+'MSPL-2(LOT)'!L308+'MSPL-2(LOT)'!L340+'MSPL-2(LOT)'!L372 -> 0 | X99: =K99-W99 -> 1500 | Y99: ='MSPL-2(LOT)'!N244+'MSPL-2(LOT)'!N276+'MSPL-2(LOT)'!N308+'MSPL-2(LOT)'!N340+'MSPL-2(LOT)'!N372 -> 0 | Z99: =K99-Y99 -> 1500 | AA99: =W99-Y99 -> 0 | AB99: =D99*W99/1000 -> 0 | AC99: =U99-W99 -> 0 | AD99: =D99*K99/1000 -> 14.25 | AE99: =AD99/75 -> 0.19 | AF99: =D99*U99/1000/75 -> 0 | AG99: =AE99-AF99 -> 0.19
A100: 21 | B100: cvwj | C100: 7g | D100: 14 | F100: 1500 | K100: =SUM(F100:J100) -> 1500 | L100: 4 | M100: 14 | O100: =M100-N100 -> 14 | Q100: =K100-P100 -> 1500 | R100: =L100*K100 -> 6000 | S100: ='MSPL-2(LOT)'!H245+'MSPL-2(LOT)'!H277+'MSPL-2(LOT)'!H309+'MSPL-2(LOT)'!H341+'MSPL-2(LOT)'!H373 -> 0 | T100: =R100-S100 -> 6000 | U100: =S100/L100 -> 0 | V100: =K100-U100 -> 1500 | W100: ='MSPL-2(LOT)'!L245+'MSPL-2(LOT)'!L277+'MSPL-2(LOT)'!L309+'MSPL-2(LOT)'!L341+'MSPL-2(LOT)'!L373 -> 0 | X100: =K100-W100 -> 1500 | Y100: ='MSPL-2(LOT)'!N245+'MSPL-2(LOT)'!N277+'MSPL-2(LOT)'!N309+'MSPL-2(LOT)'!N341+'MSPL-2(LOT)'!N373 -> 0 | Z100: =K100-Y100 -> 1500 | AA100: =W100-Y100 -> 0 | AB100: =D100*W100/1000 -> 0 | AC100: =U100-W100 -> 0 | AD100: =D100*K100/1000 -> 21 | AE100: =AD100/75 -> 0.28 | AF100: =D100*U100/1000/75 -> 0 | AG100: =AE100-AF100 -> 0.28
A101: 22 | B101: msMxZ | C101: 7g | D101: 11.5 | F101: 1700 | K101: =SUM(F101:J101) -> 1700 | L101: 3.75 | M101: 14 | O101: =M101-N101 -> 14 | Q101: =K101-P101 -> 1700 | R101: =L101*K101 -> 6375 | S101: ='MSPL-2(LOT)'!H246+'MSPL-2(LOT)'!H278+'MSPL-2(LOT)'!H310+'MSPL-2(LOT)'!H342+'MSPL-2(LOT)'!H374 -> 0 | T101: =R101-S101 -> 6375 | U101: =S101/L101 -> 0 | V101: =K101-U101 -> 1700 | W101: ='MSPL-2(LOT)'!L246+'MSPL-2(LOT)'!L278+'MSPL-2(LOT)'!L310+'MSPL-2(LOT)'!L342+'MSPL-2(LOT)'!L374 -> 0 | X101: =K101-W101 -> 1700 | Y101: ='MSPL-2(LOT)'!N246+'MSPL-2(LOT)'!N278+'MSPL-2(LOT)'!N310+'MSPL-2(LOT)'!N342+'MSPL-2(LOT)'!N374 -> 0 | Z101: =K101-Y101 -> 1700 | AA101: =W101-Y101 -> 0 | AB101: =D101*W101/1000 -> 0 | AC101: =U101-W101 -> 0 | AD101: =D101*K101/1000 -> 19.55 | AE101: =AD101/75 -> 0.26066667 | AF101: =D101*U101/1000/75 -> 0 | AG101: =AE101-AF101 -> 0.26066667
A102: me©‡gvU | F102: =SUM(F80:F101) -> 385310 | G102: =SUM(G80:G101) -> 490170 | H102: =SUM(H80:H101) -> 419685 | I102: =SUM(I80:I101) -> 589637 | J102: =SUM(J80:J101) -> 303805 | K102: =SUM(K80:K101) -> 2188607 | L102: =SUM(L80:L101) -> 87 | M102: =SUM(M80:M101) -> 792 | ... AH102: =SUM(AH80:AH101) -> 0
AB105: Manager (Production)
A109: gvóvi wm‡g· †ccvi wjt (BDwbU-2)
A110: Kz`ve,c~evBj, MvRxcyi|
A111: RvZxq wkÿvµg I cvV¨cy¯ÍK †evW© Gi 2027 wkÿve‡l©i cvV¨cy¯ÍK g~`ªY, evuavB I mieiv‡ni wbwg‡Ë cwiKíbv cÖwZ‡e`b
A112: 9g †kÖbx gva¨wgK mvwnZ¨-2027 | AD112: =AD4 -> ZvwiLt-02/08/26
A113: µ | B113: welq | C113: ‡kÖYx | D113: dg©v | F113: jU bs | K113: ‡gvU eB | L113: dg©v m~Î | M113: ‡cøU | P113: Kfvi | R113: wcÖw›Us Bg‡cÖkb | U113: wcÖw›Us eB | W113: evBwÛs | Y113: ‡Wwjfvix | AA113: ÷K eB | AB113: evBwÛs n‡q‡Q wig | AC113: evBwÛs Gi Rb¨ A‡cÿgvb | AD113: ‡ccvi | AH113: evBÛvi
F114: jU-926 | G114: jU-938 | H114: jU-953 | I114: jU-963 | M114: Pvwn`v | N114: wiwmf | O114: evwK | P114: wiwmf | Q114: evwK | R114: ‡gvU B‡¤úªkb | S114: wcÖw›Us | T114: evwK | U114: wcÖw›Us | V114: evwK | W114: evBwÛs | X114: evwK | Y114: ‡Wwjfvix | Z114: evwK | AD114: wig | AE114: Ub | AF114: e¨envi | AG114: evwK
A115: 1 | B115: evsjv mvwnZ¨ | C115: beg | D115: 32.5 | F115: 59742 | G115: 61950 | H115: 48579 | I115: 51473 | K115: =SUM(F115:J115) -> 221744 | L115: 8.25 | M115: 130 | O115: =M115-N115 -> 130 | Q115: =K115-P115 -> 221744 | R115: =L115*K115 -> 1829388 | S115: ='MSPL-2(LOT)'!H385+'MSPL-2(LOT)'!H418+'MSPL-2(LOT)'!H451+'MSPL-2(LOT)'!H482 -> 0 | T115: =R115-S115 -> 1829388 | U115: =S115/L115 -> 0 | V115: =K115-U115 -> 221744 | W115: ='MSPL-2(LOT)'!L385+'MSPL-2(LOT)'!L418+'MSPL-2(LOT)'!L451+'MSPL-2(LOT)'!L482 -> 0 | X115: =K115-W115 -> 221744 | Y115: ='MSPL-2(LOT)'!N385+'MSPL-2(LOT)'!N418+'MSPL-2(LOT)'!N451+'MSPL-2(LOT)'!N482 -> 0 | Z115: =K115-Y115 -> 221744 | AA115: =W115-Y115 -> 0 | AB115: =D115*W115/1000 -> 0 | AC115: =U115-W115 -> 0 | AD115: =D115*K115/1000 -> 7206.68 | AE115: =AD115/75 -> 96.089067 | AF115: =D115*U115/1000/75 -> 0 | AG115: =AE115-AF115 -> 96.089067
A116: 2 | B116: Bs‡iRx | C116: beg | D116: 26.5 | F116: 59742 | G116: 61950 | H116: 48579 | I116: 51473 | K116: =SUM(F116:J116) -> 221744 | L116: 7.25 | M116: 106 | O116: =M116-N116 -> 106 | Q116: =K116-P116 -> 221744 | R116: =L116*K116 -> 1607644 | S116: ='MSPL-2(LOT)'!H386+'MSPL-2(LOT)'!H419+'MSPL-2(LOT)'!H452+'MSPL-2(LOT)'!H483 -> 0 | T116: =R116-S116 -> 1607644 | U116: =S116/L116 -> 0 | V116: =K116-U116 -> 221744 | W116: ='MSPL-2(LOT)'!L386+'MSPL-2(LOT)'!L419+'MSPL-2(LOT)'!L452+'MSPL-2(LOT)'!L483 -> 0 | X116: =K116-W116 -> 221744 | Y116: ='MSPL-2(LOT)'!N386+'MSPL-2(LOT)'!N419+'MSPL-2(LOT)'!N452+'MSPL-2(LOT)'!N483 -> 0 | Z116: =K116-Y116 -> 221744 | AA116: =W116-Y116 -> 0 | AB116: =D116*W116/1000 -> 0 | AC116: =U116-W116 -> 0 | AD116: =D116*K116/1000 -> 5876.216 | AE116: =AD116/75 -> 78.349547 | AF116: =D116*U116/1000/75 -> 0 | AG116: =AE116-AF116 -> 78.349547
A117: 3 | B117: MwYZ | C117: beg | D117: 45 | F117: 59742 | G117: 61950 | H117: 48579 | I117: 51473 | K117: =SUM(F117:J117) -> 221744 | L117: 11.5 | M117: 180 | O117: =M117-N117 -> 180 | Q117: =K117-P117 -> 221744 | R117: =L117*K117 -> 2550056 | S117: ='MSPL-2(LOT)'!H387+'MSPL-2(LOT)'!H420+'MSPL-2(LOT)'!H453+'MSPL-2(LOT)'!H484 -> 0 | T117: =R117-S117 -> 2550056 | U117: =S117/L117 -> 0 | V117: =K117-U117 -> 221744 | W117: ='MSPL-2(LOT)'!L387+'MSPL-2(LOT)'!L420+'MSPL-2(LOT)'!L453+'MSPL-2(LOT)'!L484 -> 0 | X117: =K117-W117 -> 221744 | Y117: ='MSPL-2(LOT)'!N387+'MSPL-2(LOT)'!N420+'MSPL-2(LOT)'!N453+'MSPL-2(LOT)'!N484 -> 0 | Z117: =K117-Y117 -> 221744 | AA117: =W117-Y117 -> 0 | AB117: =D117*W117/1000 -> 0 | AC117: =U117-W117 -> 0 | AD117: =D117*K117/1000 -> 9978.48 | AE117: =AD117/75 -> 133.0464 | AF117: =D117*U117/1000/75 -> 0 | AG117: =AE117-AF117 -> 133.0464
A118: 4 | B118: Bmjvg | C118: beg | D118: 25.5 | F118: 54300 | G118: 48335 | H118: 43636 | I118: 36618 | K118: =SUM(F118:J118) -> 182889 | L118: 6.75 | M118: 78 | O118: =M118-N118 -> 78 | Q118: =K118-P118 -> 182889 | R118: =L118*K118 -> 1234500.8 | S118: ='MSPL-2(LOT)'!H388+'MSPL-2(LOT)'!H421+'MSPL-2(LOT)'!H454+'MSPL-2(LOT)'!H485 -> 0 | T118: =R118-S118 -> 1234500.8 | U118: =S118/L118 -> 0 | V118: =K118-U118 -> 182889 | W118: ='MSPL-2(LOT)'!L388+'MSPL-2(LOT)'!L421+'MSPL-2(LOT)'!L454+'MSPL-2(LOT)'!L485 -> 0 | X118: =K118-W118 -> 182889 | Y118: ='MSPL-2(LOT)'!N388+'MSPL-2(LOT)'!N421+'MSPL-2(LOT)'!N454+'MSPL-2(LOT)'!N485 -> 0 | Z118: =K118-Y118 -> 182889 | AA118: =W118-Y118 -> 0 | AB118: =D118*W118/1000 -> 0 | AC118: =U118-W118 -> 0 | AD118: =D118*K118/1000 -> 4663.6695 | AE118: =AD118/75 -> 62.18226 | AF118: =D118*U118/1000/75 -> 0 | AG118: =AE118-AF118 -> 62.18226
A119: 5 | B119: wn›`yy | C119: beg | D119: 19.5 | F119: 4410 | G119: 12030 | H119: 4385 | I119: 13603 | K119: =SUM(F119:J119) -> 34428 | L119: 5.75 | M119: 22 | O119: =M119-N119 -> 22 | Q119: =K119-P119 -> 34428 | R119: =L119*K119 -> 197961 | S119: ='MSPL-2(LOT)'!H389+'MSPL-2(LOT)'!H422+'MSPL-2(LOT)'!H455+'MSPL-2(LOT)'!H486 -> 0 | T119: =R119-S119 -> 197961 | U119: =S119/L119 -> 0 | V119: =K119-U119 -> 34428 | W119: ='MSPL-2(LOT)'!L389+'MSPL-2(LOT)'!L422+'MSPL-2(LOT)'!L455+'MSPL-2(LOT)'!L486 -> 0 | X119: =K119-W119 -> 34428 | Y119: ='MSPL-2(LOT)'!N389+'MSPL-2(LOT)'!N422+'MSPL-2(LOT)'!N455+'MSPL-2(LOT)'!N486 -> 0 | Z119: =K119-Y119 -> 34428 | AA119: =W119-Y119 -> 0 | AB119: =D119*W119/1000 -> 0 | AC119: =U119-W119 -> 0 | AD119: =D119*K119/1000 -> 671.346 | AE119: =AD119/75 -> 8.95128 | AF119: =D119*U119/1000/75 -> 0 | AG119: =AE119-AF119 -> 8.95128
A120: 6 | B120: wLªóvY© | C120: beg | D120: 18.5 | F120: 922 | G120: 615 | H120: 559 | I120: 809 | K120: =SUM(F120:J120) -> 2905 | L120: 5.25 | M120: 20 | O120: =M120-N120 -> 20 | Q120: =K120-P120 -> 2905 | R120: =L120*K120 -> 15251.25 | S120: ='MSPL-2(LOT)'!H390+'MSPL-2(LOT)'!H423+'MSPL-2(LOT)'!H456+'MSPL-2(LOT)'!H487 -> 0 | T120: =R120-S120 -> 15251.25 | U120: =S120/L120 -> 0 | V120: =K120-U120 -> 2905 | W120: ='MSPL-2(LOT)'!L390+'MSPL-2(LOT)'!L423+'MSPL-2(LOT)'!L456+'MSPL-2(LOT)'!L487 -> 0 | X120: =K120-W120 -> 2905 | Y120: ='MSPL-2(LOT)'!N390+'MSPL-2(LOT)'!N423+'MSPL-2(LOT)'!N456+'MSPL-2(LOT)'!N487 -> 0 | Z120: =K120-Y120 -> 2905 | AA120: =W120-Y120 -> 0 | AB120: =D120*W120/1000 -> 0 | AC120: =U120-W120 -> 0 | AD120: =D120*K120/1000 -> 53.7425 | AE120: =AD120/75 -> 0.71656667 | AF120: =D120*U120/1000/75 -> 0 | AG120: =AE120-AF120 -> 0.71656667
A121: 7 | B121: ‡eŠ× | C121: beg | D121: 19.5 | F121: 110 | G121: 1950 | I121: 47 | K121: =SUM(F121:J121) -> 2107 | L121: 5.75 | M121: 22 | O121: =M121-N121 -> 22 | Q121: =K121-P121 -> 2107 | R121: =L121*K121 -> 12115.25 | S121: ='MSPL-2(LOT)'!H391+'MSPL-2(LOT)'!H424+'MSPL-2(LOT)'!H457+'MSPL-2(LOT)'!H488 -> 0 | T121: =R121-S121 -> 12115.25 | U121: =S121/L121 -> 0 | V121: =K121-U121 -> 2107 | W121: ='MSPL-2(LOT)'!L391+'MSPL-2(LOT)'!L424+'MSPL-2(LOT)'!L457+'MSPL-2(LOT)'!L488 -> 0 | X121: =K121-W121 -> 2107 | Y121: ='MSPL-2(LOT)'!N391+'MSPL-2(LOT)'!N424+'MSPL-2(LOT)'!N457+'MSPL-2(LOT)'!N488 -> 0 | Z121: =K121-Y121 -> 2107 | AA121: =W121-Y121 -> 0 | AB121: =D121*W121/1000 -> 0 | AC121: =U121-W121 -> 0 | AD121: =D121*K121/1000 -> 41.0865 | AE121: =AD121/75 -> 0.54782 | AF121: =D121*U121/1000/75 -> 0 | AG121: =AE121-AF121 -> 0.54782
A122: 8 | B122: f‚‡Mvj | C122: beg | D122: 29.5 | F122: 15675 | G122: 21550 | H122: 30179 | I122: 29523 | K122: =SUM(F122:J122) -> 96927 | L122: 7.75 | M122: 60 | O122: =M122-N122 -> 60 | Q122: =K122-P122 -> 96927 | R122: =L122*K122 -> 751184.25 | S122: ='MSPL-2(LOT)'!H392+'MSPL-2(LOT)'!H425+'MSPL-2(LOT)'!H458+'MSPL-2(LOT)'!H489 -> 0 | T122: =R122-S122 -> 751184.25 | U122: =S122/L122 -> 0 | V122: =K122-U122 -> 96927 | W122: ='MSPL-2(LOT)'!L392+'MSPL-2(LOT)'!L425+'MSPL-2(LOT)'!L458+'MSPL-2(LOT)'!L489 -> 0 | X122: =K122-W122 -> 96927 | Y122: ='MSPL-2(LOT)'!N392+'MSPL-2(LOT)'!N425+'MSPL-2(LOT)'!N458+'MSPL-2(LOT)'!N489 -> 0 | Z122: =K122-Y122 -> 96927 | AA122: =W122-Y122 -> 0 | AB122: =D122*W122/1000 -> 0 | AC122: =U122-W122 -> 0 | AD122: =D122*K122/1000 -> 2859.3465 | AE122: =AD122/75 -> 38.12462 | AF122: =D122*U122/1000/75 -> 0 | AG122: =AE122-AF122 -> 38.12462
A123: 9 | B123: ‡cŠibxwZ | C123: beg | D123: 16.5 | F123: 13975 | G123: 20550 | H123: 23498 | I123: 19299 | K123: =SUM(F123:J123) -> 77322 | L123: 4.25 | M123: 34 | O123: =M123-N123 -> 34 | Q123: =K123-P123 -> 77322 | R123: =L123*K123 -> 328618.5 | S123: ='MSPL-2(LOT)'!H393+'MSPL-2(LOT)'!H426+'MSPL-2(LOT)'!H459+'MSPL-2(LOT)'!H490 -> 0 | T123: =R123-S123 -> 328618.5 | U123: =S123/L123 -> 0 | V123: =K123-U123 -> 77322 | W123: ='MSPL-2(LOT)'!L393+'MSPL-2(LOT)'!L426+'MSPL-2(LOT)'!L459+'MSPL-2(LOT)'!L490 -> 0 | X123: =K123-W123 -> 77322 | Y123: ='MSPL-2(LOT)'!N393+'MSPL-2(LOT)'!N426+'MSPL-2(LOT)'!N459+'MSPL-2(LOT)'!N490 -> 0 | Z123: =K123-Y123 -> 77322 | AA123: =W123-Y123 -> 0 | AB123: =D123*W123/1000 -> 0 | AC123: =U123-W123 -> 0 | AD123: =D123*K123/1000 -> 1275.813 | AE123: =AD123/75 -> 17.01084 | AF123: =D123*U123/1000/75 -> 0 | AG123: =AE123-AF123 -> 17.01084
A124: 10 | B124: evsjv‡`‡ki BwZnvm | C124: beg | D124: 24 | F124: 15675 | G124: 21550 | H124: 30179 | I124: 29448 | K124: =SUM(F124:J124) -> 96852 | L124: 6 | M124: 48 | O124: =M124-N124 -> 48 | Q124: =K124-P124 -> 96852 | R124: =L124*K124 -> 581112 | S124: ='MSPL-2(LOT)'!H394+'MSPL-2(LOT)'!H427+'MSPL-2(LOT)'!H460+'MSPL-2(LOT)'!H491 -> 0 | T124: =R124-S124 -> 581112 | U124: =S124/L124 -> 0 | V124: =K124-U124 -> 96852 | W124: ='MSPL-2(LOT)'!L394+'MSPL-2(LOT)'!L427+'MSPL-2(LOT)'!L460+'MSPL-2(LOT)'!L491 -> 0 | X124: =K124-W124 -> 96852 | Y124: ='MSPL-2(LOT)'!N394+'MSPL-2(LOT)'!N427+'MSPL-2(LOT)'!N460+'MSPL-2(LOT)'!N491 -> 0 | Z124: =K124-Y124 -> 96852 | AA124: =W124-Y124 -> 0 | AB124: =D124*W124/1000 -> 0 | AC124: =U124-W124 -> 0 | AD124: =D124*K124/1000 -> 2324.448 | AE124: =AD124/75 -> 30.99264 | AF124: =D124*U124/1000/75 -> 0 | AG124: =AE124-AF124 -> 30.99264
A125: 11 | B125: A_©bxwZ | C125: beg | D125: 19.5 | F125: 1700 | G125: 6150 | H125: 8196 | I125: 11741 | K125: =SUM(F125:J125) -> 27787 | L125: 5.75 | M125: 22 | O125: =M125-N125 -> 22 | Q125: =K125-P125 -> 27787 | R125: =L125*K125 -> 159775.25 | S125: ='MSPL-2(LOT)'!H395+'MSPL-2(LOT)'!H428+'MSPL-2(LOT)'!H461+'MSPL-2(LOT)'!H492 -> 0 | T125: =R125-S125 -> 159775.25 | U125: =S125/L125 -> 0 | V125: =K125-U125 -> 27787 | W125: ='MSPL-2(LOT)'!L395+'MSPL-2(LOT)'!L428+'MSPL-2(LOT)'!L461+'MSPL-2(LOT)'!L492 -> 0 | X125: =K125-W125 -> 27787 | Y125: ='MSPL-2(LOT)'!N395+'MSPL-2(LOT)'!N428+'MSPL-2(LOT)'!N461+'MSPL-2(LOT)'!N492 -> 0 | Z125: =K125-Y125 -> 27787 | AA125: =W125-Y125 -> 0 | AB125: =D125*W125/1000 -> 0 | AC125: =U125-W125 -> 0 | AD125: =D125*K125/1000 -> 541.8465 | AE125: =AD125/75 -> 7.22462 | AF125: =D125*U125/1000/75 -> 0 | AG125: =AE125-AF125 -> 7.22462
A126: 12 | B126: wnmve weÁvb | C126: beg | D126: 27.5 | F126: 19472 | G126: 27800 | H126: 1869 | I126: 10753 | K126: =SUM(F126:J126) -> 59894 | L126: 7.75 | M126: 30 | O126: =M126-N126 -> 30 | Q126: =K126-P126 -> 59894 | R126: =L126*K126 -> 464178.5 | S126: ='MSPL-2(LOT)'!H396+'MSPL-2(LOT)'!H429+'MSPL-2(LOT)'!H462+'MSPL-2(LOT)'!H493 -> 0 | T126: =R126-S126 -> 464178.5 | U126: =S126/L126 -> 0 | V126: =K126-U126 -> 59894 | W126: ='MSPL-2(LOT)'!L396+'MSPL-2(LOT)'!L429+'MSPL-2(LOT)'!L462+'MSPL-2(LOT)'!L493 -> 0 | X126: =K126-W126 -> 59894 | Y126: ='MSPL-2(LOT)'!N396+'MSPL-2(LOT)'!N429+'MSPL-2(LOT)'!N462+'MSPL-2(LOT)'!N493 -> 0 | Z126: =K126-Y126 -> 59894 | AA126: =W126-Y126 -> 0 | AB126: =D126*W126/1000 -> 0 | AC126: =U126-W126 -> 0 | AD126: =D126*K126/1000 -> 1647.085 | AE126: =AD126/75 -> 21.961133 | AF126: =D126*U126/1000/75 -> 0 | AG126: =AE126-AF126 -> 21.961133
A127: 13 | B127: msMxZ | C127: beg | D127: 24.5 | K127: =SUM(F127:J127) -> 0 | L127: 6.25 | M127: 0 | O127: =M127-N127 -> 0 | Q127: =K127-P127 -> 0 | R127: =L127*K127 -> 0 | S127: ='MSPL-2(LOT)'!H397+'MSPL-2(LOT)'!H430+'MSPL-2(LOT)'!H463+'MSPL-2(LOT)'!H494 -> 0 | T127: =R127-S127 -> 0 | U127: =S127/L127 -> 0 | V127: =K127-U127 -> 0 | W127: ='MSPL-2(LOT)'!L397+'MSPL-2(LOT)'!L430+'MSPL-2(LOT)'!L463+'MSPL-2(LOT)'!L494 -> 0 | X127: =K127-W127 -> 0 | Y127: ='MSPL-2(LOT)'!N397+'MSPL-2(LOT)'!N430+'MSPL-2(LOT)'!N463+'MSPL-2(LOT)'!N494 -> 0 | Z127: =K127-Y127 -> 0 | AA127: =W127-Y127 -> 0 | AB127: =D127*W127/1000 -> 0 | AC127: =U127-W127 -> 0 | AD127: =D127*K127/1000 -> 0 | AE127: =AD127/75 -> 0 | AF127: =D127*U127/1000/75 -> 0 | AG127: =AE127-AF127 -> 0
A128: 14 | B128: mwPÎ Aviwe | C128: beg | D128: 43 | K128: =SUM(F128:J128) -> 0 | L128: 11.5 | M128: 0 | O128: =M128-N128 -> 0 | Q128: =K128-P128 -> 0 | R128: =L128*K128 -> 0 | S128: ='MSPL-2(LOT)'!H398+'MSPL-2(LOT)'!H431+'MSPL-2(LOT)'!H464+'MSPL-2(LOT)'!H495 -> 0 | T128: =R128-S128 -> 0 | U128: =S128/L128 -> 0 | V128: =K128-U128 -> 0 | W128: ='MSPL-2(LOT)'!L398+'MSPL-2(LOT)'!L431+'MSPL-2(LOT)'!L464+'MSPL-2(LOT)'!L495 -> 0 | X128: =K128-W128 -> 0 | Y128: ='MSPL-2(LOT)'!N398+'MSPL-2(LOT)'!N431+'MSPL-2(LOT)'!N464+'MSPL-2(LOT)'!N495 -> 0 | Z128: =K128-Y128 -> 0 | AA128: =W128-Y128 -> 0 | AB128: =D128*W128/1000 -> 0 | AC128: =U128-W128 -> 0 | AD128: =D128*K128/1000 -> 0 | AE128: =AD128/75 -> 0 | AF128: =D128*U128/1000/75 -> 0 | AG128: =AE128-AF128 -> 0
A129: 15 | B129: ms¯‹…Z | C129: beg | D129: 21.5 | K129: =SUM(F129:J129) -> 0 | L129: 5.75 | M129: 0 | O129: =M129-N129 -> 0 | Q129: =K129-P129 -> 0 | R129: =L129*K129 -> 0 | S129: ='MSPL-2(LOT)'!H399+'MSPL-2(LOT)'!H432+'MSPL-2(LOT)'!H465+'MSPL-2(LOT)'!H496 -> 0 | T129: =R129-S129 -> 0 | U129: =S129/L129 -> 0 | V129: =K129-U129 -> 0 | W129: ='MSPL-2(LOT)'!L399+'MSPL-2(LOT)'!L432+'MSPL-2(LOT)'!L465+'MSPL-2(LOT)'!L496 -> 0 | X129: =K129-W129 -> 0 | Y129: ='MSPL-2(LOT)'!N399+'MSPL-2(LOT)'!N432+'MSPL-2(LOT)'!N465+'MSPL-2(LOT)'!N496 -> 0 | Z129: =K129-Y129 -> 0 | AA129: =W129-Y129 -> 0 | AB129: =D129*W129/1000 -> 0 | AC129: =U129-W129 -> 0 | AD129: =D129*K129/1000 -> 0 | AE129: =AD129/75 -> 0 | AF129: =D129*U129/1000/75 -> 0 | AG129: =AE129-AF129 -> 0
A130: 16 | B130: cvwj | C130: beg | D130: 22.5 | K130: =SUM(F130:J130) -> 0 | L130: 6.25 | M130: 0 | O130: =M130-N130 -> 0 | Q130: =K130-P130 -> 0 | R130: =L130*K130 -> 0 | S130: ='MSPL-2(LOT)'!H400+'MSPL-2(LOT)'!H433+'MSPL-2(LOT)'!H466+'MSPL-2(LOT)'!H497 -> 0 | T130: =R130-S130 -> 0 | U130: =S130/L130 -> 0 | V130: =K130-U130 -> 0 | W130: ='MSPL-2(LOT)'!L400+'MSPL-2(LOT)'!L433+'MSPL-2(LOT)'!L466+'MSPL-2(LOT)'!L497 -> 0 | X130: =K130-W130 -> 0 | Y130: ='MSPL-2(LOT)'!N400+'MSPL-2(LOT)'!N433+'MSPL-2(LOT)'!N466+'MSPL-2(LOT)'!N497 -> 0 | Z130: =K130-Y130 -> 0 | AA130: =W130-Y130 -> 0 | AB130: =D130*W130/1000 -> 0 | AC130: =U130-W130 -> 0 | AD130: =D130*K130/1000 -> 0 | AE130: =AD130/75 -> 0 | AF130: =D130*U130/1000/75 -> 0 | AG130: =AE130-AF130 -> 0
A131: me©‡gvU | F131: =SUM(F115:F130) -> 305465 | G131: =SUM(G115:G130) -> 346380 | H131: =SUM(H115:H130) -> 288238 | I131: =SUM(I115:I130) -> 306260 | J131: =SUM(J115:J130) -> 0 | K131: =SUM(K115:K130) -> 1246343 | L131: =SUM(L115:L130) -> 111.75 | M131: =SUM(M115:M130) -> 752 | ... AH131: =SUM(AH115:AH130) -> 0
AB134: Manager (Production)
A144: gvóvi wm‡g· †ccvi wjt (BDwbU-2)
...

Sheet MSPL-2(LOT)
A1: gvóvi wm‡g· †ccvi wjt (BDwbU-2)
A2: Kz`ve,c~evBj, MvRxcyi|
A3: RvZxq wkÿvµg I cvV¨cy¯ÍK †evW© Gi 2027 wkÿve‡l©i cvV¨cy¯ÍK g~`ªY, evuavB I mieiv‡ni wbwg‡Ë cwiKíbv cÖwZ‡e`b
A4: (cÖvK-cÖv_wgK-2027) | R4: ZvwiLt-02/08/26
A5: SL | B5: Book Name | C5: Class | D5: Forma | E5: Total Books | F5: Forma | G5: Printing Impassion | J5: Printing Book | L5: Binding | N5: Delivery | P5: Stock Book | Q5: Gluing Rem | R5: Paper
G6: Total | H6: Print | I6: Due | J6: Print | K6: Due | L6: Binding | M6: Due | N6: Delivery | O6: Due | R6: Rem | S6: MT | T6: Used | U6: Due
A7: 1 | B7: Amar Boi | C7: Pre-Primary | D7: 21.5 | E7: 66398 | F7: 2 | G7: =D7/F7*E7 -> 713778.5 | I7: =G7-H7 -> 713778.5 | J7: =H7/D7*2 -> 0 | K7: =E7-J7 -> 66398 | M7: =E7-L7 -> 66398 | N7: ='Pre-Primary'!D42 -> 0 | O7: =E7-N7 -> 66398 | P7: =L7-N7 -> 0 | Q7: =D7*L7/1000 -> 0 | R7: =D7*E7/1000 -> 1427.557 | S7: =R7/50 -> 28.55114 | T7: =D7*J7/1000/50 -> 0 | U7: =S7-T7 -> 28.55114
A8: 2 | B8: Khata | D8: 17 | E8: 66398 | F8: 2 | G8: =D8/F8*E8 -> 564383 | I8: =G8-H8 -> 564383 | J8: =H8/D8*2 -> 0 | K8: =E8-J8 -> 66398 | M8: =E8-L8 -> 66398 | N8: ='Pre-Primary'!E42 -> 0 | O8: =E8-N8 -> 66398 | P8: =L8-N8 -> 0 | Q8: =D8*L8/1000 -> 0 | R8: =D8*E8/1000 -> 1128.766 | S8: =R8/65 -> 17.365631 | T8: =D8*J8/1000/65 -> 0 | U8: =S8-T8 -> 17.365631
A9: Grand Total | E9: =SUM(E7:E8) -> 132796 | F9: =SUM(F7:F8) -> 4 | G9: =SUM(G7:G8) -> 1278161.5 | H9: =SUM(H7:H8) -> 0 | I9: =SUM(I7:I8) -> 1278161.5 | J9: =SUM(J7:J8) -> 0 | K9: =SUM(K7:K8) -> 132796 | L9: =SUM(L7:L8) -> 0 | ... U9: =SUM(U7:U8) -> 45.916771
Q13: Manager (Production)
A34: gvóvi wm‡g· †ccvi wjt (BDwbU-2)
A35: Kz`ve,c~evBj, MvRxcyi|
A36: RvZxq wkÿvµg I cvV¨cy¯ÍK †evW© Gi 2027 wkÿve‡l©i cvV¨cy¯ÍK g~`ªY, evuavB I mieiv‡ni wbwg‡Ë cwiKíbv cÖwZ‡e`b
A37: cÖvBgvix-(1-5)-2027 | R37: =R4 -> ZvwiLt-02/08/26
A38: SL | B38: Book Name | C38: Class | D38: Forma | E38: Total Books | F38: Forma | G38: Printing Impassion | J38: Printing Book | L38: Binding | N38: Delivery | P38: Stock Book | Q38: Gluing Rem | R38: Paper
E39: Lot-329 | G39: Total | H39: Print | I39: Due | J39: Print | K39: Due | L39: Binding | M39: Due | N39: Delivery | O39: Due | R39: Rem | S39: MT | T39: Used | U39: Due
A40: 1 | B40: Bangla | C40: One | D40: 11 | E40: 37420 | F40: 2 | G40: =D40/F40*E40 -> 205810 | I40: =G40-H40 -> 205810 | J40: =H40/D40*2 -> 0 | K40: =E40-J40 -> 37420 | M40: =E40-L40 -> 37420 | N40: ='Primary 1-5'!D25 -> 0 | O40: =E40-N40 -> 37420 | P40: =L40-N40 -> 0 | Q40: =D40*L40/1000 -> 0 | R40: =D40*E40/1000 -> 411.62 | S40: =R40/65 -> 6.3326154 | T40: =D40*J40/1000/65 -> 0 | U40: =S40-T40 -> 6.3326154
A41: 2 | B41: English | D41: 12 | E41: 37420 | F41: 2 | G41: =D41/F41*E41 -> 224520 | I41: =G41-H41 -> 224520 | J41: =H41/D41*2 -> 0 | K41: =E41-J41 -> 37420 | M41: =E41-L41 -> 37420 | N41: ='Primary 1-5'!E25 -> 0 | O41: =E41-N41 -> 37420 | P41: =L41-N41 -> 0 | Q41: =D41*L41/1000 -> 0 | R41: =D41*E41/1000 -> 449.04 | S41: =R41/65 -> 6.9083077 | T41: =D41*J41/1000/65 -> 0 | U41: =S41-T41 -> 6.9083077
A42: 3 | B42: Mathematics | D42: 15 | E42: 37420 | F42: 2 | G42: =D42/F42*E42 -> 280650 | I42: =G42-H42 -> 280650 | J42: =H42/D42*2 -> 0 | K42: =E42-J42 -> 37420 | M42: =E42-L42 -> 37420 | N42: ='Primary 1-5'!F25 -> 0 | O42: =E42-N42 -> 37420 | P42: =L42-N42 -> 0 | Q42: =D42*L42/1000 -> 0 | R42: =D42*E42/1000 -> 561.3 | S42: =R42/65 -> 8.6353846 | T42: =D42*J42/1000/65 -> 0 | U42: =S42-T42 -> 8.6353846
A43: 4 | B43: Bangla | C43: Two | D43: 9 | E43: 37362 | F43: 2 | G43: =D43/F43*E43 -> 168129 | I43: =G43-H43 -> 168129 | J43: =H43/D43*2 -> 0 | K43: =E43-J43 -> 37362 | M43: =E43-L43 -> 37362 | N43: ='Primary 1-5'!G25 -> 0 | O43: =E43-N43 -> 37362 | P43: =L43-N43 -> 0 | Q43: =D43*L43/1000 -> 0 | R43: =D43*E43/1000 -> 336.258 | S43: =R43/65 -> 5.1732 | T43: =D43*J43/1000/65 -> 0 | U43: =S43-T43 -> 5.1732
A44: 5 | B44: English | D44: 13 | E44: 37362 | F44: 2 | G44: =D44/F44*E44 -> 242853 | I44: =G44-H44 -> 242853 | J44: =H44/D44*2 -> 0 | K44: =E44-J44 -> 37362 | M44: =E44-L44 -> 37362 | N44: ='Primary 1-5'!H25 -> 0 | O44: =E44-N44 -> 37362 | P44: =L44-N44 -> 0 | Q44: =D44*L44/1000 -> 0 | R44: =D44*E44/1000 -> 485.706 | S44: =R44/65 -> 7.4724 | T44: =D44*J44/1000/65 -> 0 | U44: =S44-T44 -> 7.4724
A45: 6 | B45: Mathematics | D45: 17 | E45: 37362 | F45: 2 | G45: =D45/F45*E45 -> 317577 | I45: =G45-H45 -> 317577 | J45: =H45/D45*2 -> 0 | K45: =E45-J45 -> 37362 | M45: =E45-L45 -> 37362 | N45: ='Primary 1-5'!I25 -> 0 | O45: =E45-N45 -> 37362 | P45: =L45-N45 -> 0 | Q45: =D45*L45/1000 -> 0 | R45: =D45*E45/1000 -> 635.154 | S45: =R45/65 -> 9.7716 | T45: =D45*J45/1000/65 -> 0 | U45: =S45-T45 -> 9.7716
A46: 7 | B46: Bangla | C46: Three | D46: 13.5 | E46: 36610 | F46: 2 | G46: =D46/F46*E46 -> 247117.5 | I46: =G46-H46 -> 247117.5 | J46: =H46/D46*2 -> 0 | K46: =E46-J46 -> 36610 | M46: =E46-L46 -> 36610 | N46: ='Primary 1-5'!J25 -> 0 | O46: =E46-N46 -> 36610 | P46: =L46-N46 -> 0 | Q46: =D46*L46/1000 -> 0 | R46: =D46*E46/1000 -> 494.235 | S46: =R46/65 -> 7.6036154 | T46: =D46*J46/1000/65 -> 0 | U46: =S46-T46 -> 7.6036154
A47: 8 | B47: English | D47: 16 | E47: 36610 | F47: 2 | G47: =D47/F47*E47 -> 292880 | I47: =G47-H47 -> 292880 | J47: =H47/D47*2 -> 0 | K47: =E47-J47 -> 36610 | M47: =E47-L47 -> 36610 | N47: ='Primary 1-5'!K25 -> 0 | O47: =E47-N47 -> 36610 | P47: =L47-N47 -> 0 | Q47: =D47*L47/1000 -> 0 | R47: =D47*E47/1000 -> 585.76 | S47: =R47/65 -> 9.0116923 | T47: =D47*J47/1000/65 -> 0 | U47: =S47-T47 -> 9.0116923
A48: 9 | B48: Mathematics | D48: 20 | E48: 36610 | F48: 2 | G48: =D48/F48*E48 -> 366100 | I48: =G48-H48 -> 366100 | J48: =H48/D48*2 -> 0 | K48: =E48-J48 -> 36610 | M48: =E48-L48 -> 36610 | N48: ='Primary 1-5'!L25 -> 0 | O48: =E48-N48 -> 36610 | P48: =L48-N48 -> 0 | Q48: =D48*L48/1000 -> 0 | R48: =D48*E48/1000 -> 732.2 | S48: =R48/65 -> 11.264615 | T48: =D48*J48/1000/65 -> 0 | U48: =S48-T48 -> 11.264615
A49: 10 | B49: B&G | D49: 14.5 | E49: 36610 | F49: 2 | G49: =D49/F49*E49 -> 265422.5 | I49: =G49-H49 -> 265422.5 | J49: =H49/D49*2 -> 0 | K49: =E49-J49 -> 36610 | M49: =E49-L49 -> 36610 | N49: ='Primary 1-5'!M25 -> 0 | O49: =E49-N49 -> 36610 | P49: =L49-N49 -> 0 | Q49: =D49*L49/1000 -> 0 | R49: =D49*E49/1000 -> 530.845 | S49: =R49/65 -> 8.1668462 | T49: =D49*J49/1000/65 -> 0 | U49: =S49-T49 -> 8.1668462
A50: 11 | B50: Science | D50: 19 | E50: 36610 | F50: 2 | G50: =D50/F50*E50 -> 347795 | I50: =G50-H50 -> 347795 | J50: =H50/D50*2 -> 0 | K50: =E50-J50 -> 36610 | M50: =E50-L50 -> 36610 | N50: ='Primary 1-5'!N25 -> 0 | O50: =E50-N50 -> 36610 | P50: =L50-N50 -> 0 | Q50: =D50*L50/1000 -> 0 | R50: =D50*E50/1000 -> 695.59 | S50: =R50/65 -> 10.701385 | T50: =D50*J50/1000/65 -> 0 | U50: =S50-T50 -> 10.701385
A51: 12 | B51: Islam | D51: 9 | E51: 33535 | F51: 2 | G51: =D51/F51*E51 -> 150907.5 | I51: =G51-H51 -> 150907.5 | J51: =H51/D51*2 -> 0 | K51: =E51-J51 -> 33535 | M51: =E51-L51 -> 33535 | N51: ='Primary 1-5'!O25 -> 0 | O51: =E51-N51 -> 33535 | P51: =L51-N51 -> 0 | Q51: =D51*L51/1000 -> 0 | R51: =D51*E51/1000 -> 301.815 | S51: =R51/65 -> 4.6433077 | T51: =D51*J51/1000/65 -> 0 | U51: =S51-T51 -> 4.6433077
A52: 13 | B52: Hindu | D52: 11.5 | E52: 3067 | F52: 2 | G52: =D52/F52*E52 -> 17635.25 | I52: =G52-H52 -> 17635.25 | J52: =H52/D52*2 -> 0 | K52: =E52-J52 -> 3067 | M52: =E52-L52 -> 3067 | N52: ='Primary 1-5'!P25 -> 0 | O52: =E52-N52 -> 3067 | P52: =L52-N52 -> 0 | Q52: =D52*L52/1000 -> 0 | R52: =D52*E52/1000 -> 35.2705 | S52: =R52/65 -> 0.54262308 | T52: =D52*J52/1000/65 -> 0 | U52: =S52-T52 -> 0.54262308
A53: 14 | B53: Bangla | C53: Four | D53: 16.5 | E53: 34384 | F53: 2 | G53: =D53/F53*E53 -> 283668 | I53: =G53-H53 -> 283668 | J53: =H53/D53*2 -> 0 | K53: =E53-J53 -> 34384 | M53: =E53-L53 -> 34384 | N53: ='Primary 1-5'!Q25 -> 0 | O53: =E53-N53 -> 34384 | P53: =L53-N53 -> 0 | Q53: =D53*L53/1000 -> 0 | R53: =D53*E53/1000 -> 567.336 | S53: =R53/65 -> 8.7282462 | T53: =D53*J53/1000/65 -> 0 | U53: =S53-T53 -> 8.7282462
A54: 15 | B54: English | D54: 12 | E54: 34384 | F54: 2 | G54: =D54/F54*E54 -> 206304 | I54: =G54-H54 -> 206304 | J54: =H54/D54*2 -> 0 | K54: =E54-J54 -> 34384 | M54: =E54-L54 -> 34384 | N54: ='Primary 1-5'!R25 -> 0 | O54: =E54-N54 -> 34384 | P54: =L54-N54 -> 0 | Q54: =D54*L54/1000 -> 0 | R54: =D54*E54/1000 -> 412.608 | S54: =R54/65 -> 6.3478154 | T54: =D54*J54/1000/65 -> 0 | U54: =S54-T54 -> 6.3478154
A55: 16 | B55: Mathematics | D55: 22.5 | E55: 34384 | F55: 2 | G55: =D55/F55*E55 -> 386820 | I55: =G55-H55 -> 386820 | J55: =H55/D55*2 -> 0 | K55: =E55-J55 -> 34384 | M55: =E55-L55 -> 34384 | N55: ='Primary 1-5'!S25 -> 0 | O55: =E55-N55 -> 34384 | P55: =L55-N55 -> 0 | Q55: =D55*L55/1000 -> 0 | R55: =D55*E55/1000 -> 773.64 | S55: =R55/65 -> 11.902154 | T55: =D55*J55/1000/65 -> 0 | U55: =S55-T55 -> 11.902154
A56: 17 | B56: B&G | D56: 15 | E56: 34384 | F56: 2 | G56: =D56/F56*E56 -> 257880 | I56: =G56-H56 -> 257880 | J56: =H56/D56*2 -> 0 | K56: =E56-J56 -> 34384 | M56: =E56-L56 -> 34384 | N56: ='Primary 1-5'!T25 -> 0 | O56: =E56-N56 -> 34384 | P56: =L56-N56 -> 0 | Q56: =D56*L56/1000 -> 0 | R56: =D56*E56/1000 -> 515.76 | S56: =R56/65 -> 7.9347692 | T56: =D56*J56/1000/65 -> 0 | U56: =S56-T56 -> 7.9347692
A57: 18 | B57: Science | D57: 19.5 | E57: 34384 | F57: 2 | G57: =D57/F57*E57 -> 335244 | I57: =G57-H57 -> 335244 | J57: =H57/D57*2 -> 0 | K57: =E57-J57 -> 34384 | M57: =E57-L57 -> 34384 | N57: ='Primary 1-5'!U25 -> 0 | O57: =E57-N57 -> 34384 | P57: =L57-N57 -> 0 | Q57: =D57*L57/1000 -> 0 | R57: =D57*E57/1000 -> 670.488 | S57: =R57/65 -> 10.3152 | T57: =D57*J57/1000/65 -> 0 | U57: =S57-T57 -> 10.3152
A58: 19 | B58: Islam | D58: 10 | E58: 31547 | F58: 2 | G58: =D58/F58*E58 -> 157735 | I58: =G58-H58 -> 157735 | J58: =H58/D58*2 -> 0 | K58: =E58-J58 -> 31547 | M58: =E58-L58 -> 31547 | N58: ='Primary 1-5'!V25 -> 0 | O58: =E58-N58 -> 31547 | P58: =L58-N58 -> 0 | Q58: =D58*L58/1000 -> 0 | R58: =D58*E58/1000 -> 315.47 | S58: =R58/65 -> 4.8533846 | T58: =D58*J58/1000/65 -> 0 | U58: =S58-T58 -> 4.8533846
A59: 20 | B59: Hindu | D59: 13.5 | E59: 2836 | F59: 2 | G59: =D59/F59*E59 -> 19143 | I59: =G59-H59 -> 19143 | J59: =H59/D59*2 -> 0 | K59: =E59-J59 -> 2836 | M59: =E59-L59 -> 2836 | N59: ='Primary 1-5'!W25 -> 0 | O59: =E59-N59 -> 2836 | P59: =L59-N59 -> 0 | Q59: =D59*L59/1000 -> 0 | R59: =D59*E59/1000 -> 38.286 | S59: =R59/65 -> 0.58901538 | T59: =D59*J59/1000/65 -> 0 | U59: =S59-T59 -> 0.58901538
A60: 21 | B60: Bangla | C60: Five | D60: 17.5 | E60: 30762 | F60: 2 | G60: =D60/F60*E60 -> 269167.5 | I60: =G60-H60 -> 269167.5 | J60: =H60/D60*2 -> 0 | K60: =E60-J60 -> 30762 | M60: =E60-L60 -> 30762 | N60: ='Primary 1-5'!X25 -> 0 | O60: =E60-N60 -> 30762 | P60: =L60-N60 -> 0 | Q60: =D60*L60/1000 -> 0 | R60: =D60*E60/1000 -> 538.335 | S60: =R60/65 -> 8.2820769 | T60: =D60*J60/1000/65 -> 0 | U60: =S60-T60 -> 8.2820769
A61: 22 | B61: English | D61: 14.5 | E61: 30762 | F61: 2 | G61: =D61/F61*E61 -> 223024.5 | I61: =G61-H61 -> 223024.5 | J61: =H61/D61*2 -> 0 | K61: =E61-J61 -> 30762 | M61: =E61-L61 -> 30762 | N61: ='Primary 1-5'!Y25 -> 0 | O61: =E61-N61 -> 30762 | P61: =L61-N61 -> 0 | Q61: =D61*L61/1000 -> 0 | R61: =D61*E61/1000 -> 446.049 | S61: =R61/65 -> 6.8622923 | T61: =D61*J61/1000/65 -> 0 | U61: =S61-T61 -> 6.8622923
A62: 23 | B62: Mathematics | D62: 23.5 | E62: 30762 | F62: 2 | G62: =D62/F62*E62 -> 361453.5 | I62: =G62-H62 -> 361453.5 | J62: =H62/D62*2 -> 0 | K62: =E62-J62 -> 30762 | M62: =E62-L62 -> 30762 | N62: ='Primary 1-5'!Z25 -> 0 | O62: =E62-N62 -> 30762 | P62: =L62-N62 -> 0 | Q62: =D62*L62/1000 -> 0 | R62: =D62*E62/1000 -> 722.907 | S62: =R62/65 -> 11.121646 | T62: =D62*J62/1000/65 -> 0 | U62: =S62-T62 -> 11.121646
A63: 24 | B63: B&G | D63: 20.5 | E63: 30762 | F63: 2 | G63: =D63/F63*E63 -> 315310.5 | I63: =G63-H63 -> 315310.5 | J63: =H63/D63*2 -> 0 | K63: =E63-J63 -> 30762 | M63: =E63-L63 -> 30762 | N63: ='Primary 1-5'!AA25 -> 0 | O63: =E63-N63 -> 30762 | P63: =L63-N63 -> 0 | Q63: =D63*L63/1000 -> 0 | R63: =D63*E63/1000 -> 630.621 | S63: =R63/65 -> 9.7018615 | T63: =D63*J63/1000/65 -> 0 | U63: =S63-T63 -> 9.7018615
A64: 25 | B64: Science | D64: 20.5 | E64: 30762 | F64: 2 | G64: =D64/F64*E64 -> 315310.5 | I64: =G64-H64 -> 315310.5 | J64: =H64/D64*2 -> 0 | K64: =E64-J64 -> 30762 | M64: =E64-L64 -> 30762 | N64: ='Primary 1-5'!AB25 -> 0 | O64: =E64-N64 -> 30762 | P64: =L64-N64 -> 0 | Q64: =D64*L64/1000 -> 0 | R64: =D64*E64/1000 -> 630.621 | S64: =R64/65 -> 9.7018615 | T64: =D64*J64/1000/65 -> 0 | U64: =S64-T64 -> 9.7018615
A65: 26 | B65: Islam | D65: 10.5 | E65: 28230 | F65: 2 | G65: =D65/F65*E65 -> 148207.5 | I65: =G65-H65 -> 148207.5 | J65: =H65/D65*2 -> 0 | K65: =E65-J65 -> 28230 | M65: =E65-L65 -> 28230 | N65: ='Primary 1-5'!AC25 -> 0 | O65: =E65-N65 -> 28230 | P65: =L65-N65 -> 0 | Q65: =D65*L65/1000 -> 0 | R65: =D65*E65/1000 -> 296.415 | S65: =R65/65 -> 4.5602308 | T65: =D65*J65/1000/65 -> 0 | U65: =S65-T65 -> 4.5602308
A66: 27 | B66: Hindu | D66: 12.5 | E66: 2529 | F66: 2 | G66: =D66/F66*E66 -> 15806.25 | I66: =G66-H66 -> 15806.25 | J66: =H66/D66*2 -> 0 | K66: =E66-J66 -> 2529 | M66: =E66-L66 -> 2529 | N66: ='Primary 1-5'!AD25 -> 0 | O66: =E66-N66 -> 2529 | P66: =L66-N66 -> 0 | Q66: =D66*L66/1000 -> 0 | R66: =D66*E66/1000 -> 31.6125 | S66: =R66/65 -> 0.48634615 | T66: =D66*J66/1000/65 -> 0 | U66: =S66-T66 -> 0.48634615
A67: Grand Total | E67: =SUM(E40:E66) -> 834870 | F67: =SUM(F40:F66) -> 54 | G67: =SUM(G40:G66) -> 6422471 | H67: =SUM(H40:H66) -> 0 | I67: =SUM(I40:I66) -> 6422471 | J67: =SUM(J40:J66) -> 0 | K67: =SUM(K40:K66) -> 834870 | L67: =SUM(L40:L66) -> 0 | ... U67: =SUM(U40:U66) -> 197.61449
Q70: Manager (Production)
A71: gvóvi wm‡g· †ccvi wjt (BDwbU-2)
A72: Kz`ve,c~evBj, MvRxcyi|
A73: RvZxq wkÿvµg I cvV¨cy¯ÍK †evW© Gi 2027 wkÿve‡l©i cvV¨cy¯ÍK g~`ªY, evuavB I mieiv‡ni wbwg‡Ë cwiKíbv cÖwZ‡e`b
A74: cÖvBgvix-(1-5)-2027 | R74: =R42 -> 561.3
A75: SL | B75: Book Name | C75: Class | D75: Forma | E75: Total Books | F75: Forma | G75: Printing Impassion | J75: Printing Book | L75: Binding | N75: Delivery | P75: Stock Book | Q75: Gluing Rem | R75: Paper
E76: Lot-338 | G76: Total | H76: Print | I76: Due | J76: Print | K76: Due | L76: Binding | M76: Due | N76: Delivery | O76: Due | R76: Rem | S76: MT | T76: Used | U76: Due
A77: 1 | B77: Bangla | C77: One | D77: 11 | E77: 34712 | F77: 2 | G77: =D77/F77*E77 -> 190916 | I77: =G77-H77 -> 190916 | J77: =H77/D77*2 -> 0 | K77: =E77-J77 -> 34712 | M77: =E77-L77 -> 34712 | N77: ='Primary 1-5'!D56 -> 0 | O77: =E77-N77 -> 34712 | P77: =L77-N77 -> 0 | Q77: =D77*L77/1000 -> 0 | R77: =D77*E77/1000 -> 381.832 | S77: =R77/65 -> 5.8743385 | T77: =D77*J77/1000/65 -> 0 | U77: =S77-T77 -> 5.8743385
A78: 2 | B78: English | D78: 12 | E78: 34712 | F78: 2 | G78: =D78/F78*E78 -> 208272 | I78: =G78-H78 -> 208272 | J78: =H78/D78*2 -> 0 | K78: =E78-J78 -> 34712 | M78: =E78-L78 -> 34712 | N78: ='Primary 1-5'!E56 -> 0 | O78: =E78-N78 -> 34712 | P78: =L78-N78 -> 0 | Q78: =D78*L78/1000 -> 0 | R78: =D78*E78/1000 -> 416.544 | S78: =R78/65 -> 6.4083692 | T78: =D78*J78/1000/65 -> 0 | U78: =S78-T78 -> 6.4083692
A79: 3 | B79: Mathematics | D79: 15 | E79: 34712 | F79: 2 | G79: =D79/F79*E79 -> 260340 | I79: =G79-H79 -> 260340 | J79: =H79/D79*2 -> 0 | K79: =E79-J79 -> 34712 | M79: =E79-L79 -> 34712 | N79: ='Primary 1-5'!F56 -> 0 | O79: =E79-N79 -> 34712 | P79: =L79-N79 -> 0 | Q79: =D79*L79/1000 -> 0 | R79: =D79*E79/1000 -> 520.68 | S79: =R79/65 -> 8.0104615 | T79: =D79*J79/1000/65 -> 0 | U79: =S79-T79 -> 8.0104615
A80: 4 | B80: Bangla | C80: Two | D80: 9 | E80: 34222 | F80: 2 | G80: =D80/F80*E80 -> 153999 | I80: =G80-H80 -> 153999 | J80: =H80/D80*2 -> 0 | K80: =E80-J80 -> 34222 | M80: =E80-L80 -> 34222 | N80: ='Primary 1-5'!G56 -> 0 | O80: =E80-N80 -> 34222 | P80: =L80-N80 -> 0 | Q80: =D80*L80/1000 -> 0 | R80: =D80*E80/1000 -> 307.998 | S80: =R80/65 -> 4.7384308 | T80: =D80*J80/1000/65 -> 0 | U80: =S80-T80 -> 4.7384308
A81: 5 | B81: English | D81: 13 | E81: 34222 | F81: 2 | G81: =D81/F81*E81 -> 222443 | I81: =G81-H81 -> 222443 | J81: =H81/D81*2 -> 0 | K81: =E81-J81 -> 34222 | M81: =E81-L81 -> 34222 | N81: ='Primary 1-5'!H56 -> 0 | O81: =E81-N81 -> 34222 | P81: =L81-N81 -> 0 | Q81: =D81*L81/1000 -> 0 | R81: =D81*E81/1000 -> 444.886 | S81: =R81/65 -> 6.8444 | T81: =D81*J81/1000/65 -> 0 | U81: =S81-T81 -> 6.8444
A82: 6 | B82: Mathematics | D82: 17 | E82: 34222 | F82: 2 | G82: =D82/F82*E82 -> 290887 | I82: =G82-H82 -> 290887 | J82: =H82/D82*2 -> 0 | K82: =E82-J82 -> 34222 | M82: =E82-L82 -> 34222 | N82: ='Primary 1-5'!I56 -> 0 | O82: =E82-N82 -> 34222 | P82: =L82-N82 -> 0 | Q82: =D82*L82/1000 -> 0 | R82: =D82*E82/1000 -> 581.774 | S82: =R82/65 -> 8.9503692 | T82: =D82*J82/1000/65 -> 0 | U82: =S82-T82 -> 8.9503692
A83: 7 | B83: Bangla | C83: Three | D83: 13.5 | E83: 34662 | F83: 2 | G83: =D83/F83*E83 -> 233968.5 | I83: =G83-H83 -> 233968.5 | J83: =H83/D83*2 -> 0 | K83: =E83-J83 -> 34662 | M83: =E83-L83 -> 34662 | N83: ='Primary 1-5'!J56 -> 0 | O83: =E83-N83 -> 34662 | P83: =L83-N83 -> 0 | Q83: =D83*L83/1000 -> 0 | R83: =D83*E83/1000 -> 467.937 | S83: =R83/65 -> 7.1990308 | T83: =D83*J83/1000/65 -> 0 | U83: =S83-T83 -> 7.1990308
A84: 8 | B84: English | D84: 16 | E84: 34662 | F84: 2 | G84: =D84/F84*E84 -> 277296 | I84: =G84-H84 -> 277296 | J84: =H84/D84*2 -> 0 | K84: =E84-J84 -> 34662 | M84: =E84-L84 -> 34662 | N84: ='Primary 1-5'!K56 -> 0 | O84: =E84-N84 -> 34662 | P84: =L84-N84 -> 0 | Q84: =D84*L84/1000 -> 0 | R84: =D84*E84/1000 -> 554.592 | S84: =R84/65 -> 8.5321846 | T84: =D84*J84/1000/65 -> 0 | U84: =S84-T84 -> 8.5321846
A85: 9 | B85: Mathematics | D85: 20 | E85: 34662 | F85: 2 | G85: =D85/F85*E85 -> 346620 | I85: =G85-H85 -> 346620 | J85: =H85/D85*2 -> 0 | K85: =E85-J85 -> 34662 | M85: =E85-L85 -> 34662 | N85: ='Primary 1-5'!L56 -> 0 | O85: =E85-N85 -> 34662 | P85: =L85-N85 -> 0 | Q85: =D85*L85/1000 -> 0 | R85: =D85*E85/1000 -> 693.24 | S85: =R85/65 -> 10.665231 | T85: =D85*J85/1000/65 -> 0 | U85: =S85-T85 -> 10.665231
A86: 10 | B86: B&G | D86: 14.5 | E86: 34662 | F86: 2 | G86: =D86/F86*E86 -> 251299.5 | I86: =G86-H86 -> 251299.5 | J86: =H86/D86*2 -> 0 | K86: =E86-J86 -> 34662 | M86: =E86-L86 -> 34662 | N86: ='Primary 1-5'!M56 -> 0 | O86: =E86-N86 -> 34662 | P86: =L86-N86 -> 0 | Q86: =D86*L86/1000 -> 0 | R86: =D86*E86/1000 -> 502.599 | S86: =R86/65 -> 7.7322923 | T86: =D86*J86/1000/65 -> 0 | U86: =S86-T86 -> 7.7322923
A87: 11 | B87: Science | D87: 19 | E87: 34662 | F87: 2 | G87: =D87/F87*E87 -> 329289 | I87: =G87-H87 -> 329289 | J87: =H87/D87*2 -> 0 | K87: =E87-J87 -> 34662 | M87: =E87-L87 -> 34662 | N87: ='Primary 1-5'!N56 -> 0 | O87: =E87-N87 -> 34662 | P87: =L87-N87 -> 0 | Q87: =D87*L87/1000 -> 0 | R87: =D87*E87/1000 -> 658.578 | S87: =R87/65 -> 10.131969 | T87: =D87*J87/1000/65 -> 0 | U87: =S87-T87 -> 10.131969
A88: 12 | B88: Islam | D88: 9 | E88: 30510 | F88: 2 | G88: =D88/F88*E88 -> 137295 | I88: =G88-H88 -> 137295 | J88: =H88/D88*2 -> 0 | K88: =E88-J88 -> 30510 | M88: =E88-L88 -> 30510 | N88: ='Primary 1-5'!O56 -> 0 | O88: =E88-N88 -> 30510 | P88: =L88-N88 -> 0 | Q88: =D88*L88/1000 -> 0 | R88: =D88*E88/1000 -> 274.59 | S88: =R88/65 -> 4.2244615 | T88: =D88*J88/1000/65 -> 0 | U88: =S88-T88 -> 4.2244615
A89: 13 | B89: Hindu | D89: 11.5 | E89: 4011 | F89: 2 | G89: =D89/F89*E89 -> 23063.25 | I89: =G89-H89 -> 23063.25 | J89: =H89/D89*2 -> 0 | K89: =E89-J89 -> 4011 | M89: =E89-L89 -> 4011 | N89: ='Primary 1-5'!P56 -> 0 | O89: =E89-N89 -> 4011 | P89: =L89-N89 -> 0 | Q89: =D89*L89/1000 -> 0 | R89: =D89*E89/1000 -> 46.1265 | S89: =R89/65 -> 0.70963846 | T89: =D89*J89/1000/65 -> 0 | U89: =S89-T89 -> 0.70963846
A90: 14 | B90: Bangla | C90: Four | D90: 16.5 | E90: 33805 | F90: 2 | G90: =D90/F90*E90 -> 278891.25 | I90: =G90-H90 -> 278891.25 | J90: =H90/D90*2 -> 0 | K90: =E90-J90 -> 33805 | M90: =E90-L90 -> 33805 | N90: ='Primary 1-5'!Q56 -> 0 | O90: =E90-N90 -> 33805 | P90: =L90-N90 -> 0 | Q90: =D90*L90/1000 -> 0 | R90: =D90*E90/1000 -> 557.7825 | S90: =R90/65 -> 8.5812692 | T90: =D90*J90/1000/65 -> 0 | U90: =S90-T90 -> 8.5812692
A91: 15 | B91: English | D91: 12 | E91: 33805 | F91: 2 | G91: =D91/F91*E91 -> 202830 | I91: =G91-H91 -> 202830 | J91: =H91/D91*2 -> 0 | K91: =E91-J91 -> 33805 | M91: =E91-L91 -> 33805 | N91: ='Primary 1-5'!R56 -> 0 | O91: =E91-N91 -> 33805 | P91: =L91-N91 -> 0 | Q91: =D91*L91/1000 -> 0 | R91: =D91*E91/1000 -> 405.66 | S91: =R91/65 -> 6.2409231 | T91: =D91*J91/1000/65 -> 0 | U91: =S91-T91 -> 6.2409231
A92: 16 | B92: Mathematics | D92: 22.5 | E92: 33805 | F92: 2 | G92: =D92/F92*E92 -> 380306.25 | I92: =G92-H92 -> 380306.25 | J92: =H92/D92*2 -> 0 | K92: =E92-J92 -> 33805 | M92: =E92-L92 -> 33805 | N92: ='Primary 1-5'!S56 -> 0 | O92: =E92-N92 -> 33805 | P92: =L92-N92 -> 0 | Q92: =D92*L92/1000 -> 0 | R92: =D92*E92/1000 -> 760.6125 | S92: =R92/65 -> 11.701731 | T92: =D92*J92/1000/65 -> 0 | U92: =S92-T92 -> 11.701731
A93: 17 | B93: B&G | D93: 15 | E93: 33805 | F93: 2 | G93: =D93/F93*E93 -> 253537.5 | I93: =G93-H93 -> 253537.5 | J93: =H93/D93*2 -> 0 | K93: =E93-J93 -> 33805 | M93: =E93-L93 -> 33805 | N93: ='Primary 1-5'!T56 -> 0 | O93: =E93-N93 -> 33805 | P93: =L93-N93 -> 0 | Q93: =D93*L93/1000 -> 0 | R93: =D93*E93/1000 -> 507.075 | S93: =R93/65 -> 7.8011538 | T93: =D93*J93/1000/65 -> 0 | U93: =S93-T93 -> 7.8011538
A94: 18 | B94: Science | D94: 19.5 | E94: 33805 | F94: 2 | G94: =D94/F94*E94 -> 329598.75 | I94: =G94-H94 -> 329598.75 | J94: =H94/D94*2 -> 0 | K94: =E94-J94 -> 33805 | M94: =E94-L94 -> 33805 | N94: ='Primary 1-5'!U56 -> 0 | O94: =E94-N94 -> 33805 | P94: =L94-N94 -> 0 | Q94: =D94*L94/1000 -> 0 | R94: =D94*E94/1000 -> 659.1975 | S94: =R94/65 -> 10.1415 | T94: =D94*J94/1000/65 -> 0 | U94: =S94-T94 -> 10.1415
A95: 19 | B95: Islam | D95: 10 | E95: 29915 | F95: 2 | G95: =D95/F95*E95 -> 149575 | I95: =G95-H95 -> 149575 | J95: =H95/D95*2 -> 0 | K95: =E95-J95 -> 29915 | M95: =E95-L95 -> 29915 | N95: ='Primary 1-5'!V56 -> 0 | O95: =E95-N95 -> 29915 | P95: =L95-N95 -> 0 | Q95: =D95*L95/1000 -> 0 | R95: =D95*E95/1000 -> 299.15 | S95: =R95/65 -> 4.6023077 | T95: =D95*J95/1000/65 -> 0 | U95: =S95-T95 -> 4.6023077
A96: 20 | B96: Hindu | D96: 13.5 | E96: 3748 | F96: 2 | G96: =D96/F96*E96 -> 25299 | I96: =G96-H96 -> 25299 | J96: =H96/D96*2 -> 0 | K96: =E96-J96 -> 3748 | M96: =E96-L96 -> 3748 | N96: ='Primary 1-5'!W56 -> 0 | O96: =E96-N96 -> 3748 | P96: =L96-N96 -> 0 | Q96: =D96*L96/1000 -> 0 | R96: =D96*E96/1000 -> 50.598 | S96: =R96/65 -> 0.77843077 | T96: =D96*J96/1000/65 -> 0 | U96: =S96-T96 -> 0.77843077
A97: 21 | B97: Bangla | C97: Five | D97: 17.5 | E97: 31481 | F97: 2 | G97: =D97/F97*E97 -> 275458.75 | I97: =G97-H97 -> 275458.75 | J97: =H97/D97*2 -> 0 | K97: =E97-J97 -> 31481 | M97: =E97-L97 -> 31481 | N97: ='Primary 1-5'!X56 -> 0 | O97: =E97-N97 -> 31481 | P97: =L97-N97 -> 0 | Q97: =D97*L97/1000 -> 0 | R97: =D97*E97/1000 -> 550.9175 | S97: =R97/65 -> 8.4756538 | T97: =D97*J97/1000/65 -> 0 | U97: =S97-T97 -> 8.4756538
A98: 22 | B98: English | D98: 14.5 | E98: 31481 | F98: 2 | G98: =D98/F98*E98 -> 228237.25 | I98: =G98-H98 -> 228237.25 | J98: =H98/D98*2 -> 0 | K98: =E98-J98 -> 31481 | M98: =E98-L98 -> 31481 | N98: ='Primary 1-5'!Y56 -> 0 | O98: =E98-N98 -> 31481 | P98: =L98-N98 -> 0 | Q98: =D98*L98/1000 -> 0 | R98: =D98*E98/1000 -> 456.4745 | S98: =R98/65 -> 7.0226846 | T98: =D98*J98/1000/65 -> 0 | U98: =S98-T98 -> 7.0226846
A99: 23 | B99: Mathematics | D99: 23.5 | E99: 31481 | F99: 2 | G99: =D99/F99*E99 -> 369901.75 | I99: =G99-H99 -> 369901.75 | J99: =H99/D99*2 -> 0 | K99: =E99-J99 -> 31481 | M99: =E99-L99 -> 31481 | N99: ='Primary 1-5'!Z56 -> 0 | O99: =E99-N99 -> 31481 | P99: =L99-N99 -> 0 | Q99: =D99*L99/1000 -> 0 | R99: =D99*E99/1000 -> 739.8035 | S99: =R99/65 -> 11.381592 | T99: =D99*J99/1000/65 -> 0 | U99: =S99-T99 -> 11.381592
A100: 24 | B100: B&G | D100: 20.5 | E100: 31481 | F100: 2 | G100: =D100/F100*E100 -> 322680.25 | I100: =G100-H100 -> 322680.25 | J100: =H100/D100*2 -> 0 | K100: =E100-J100 -> 31481 | M100: =E100-L100 -> 31481 | N100: ='Primary 1-5'!AA56 -> 0 | O100: =E100-N100 -> 31481 | P100: =L100-N100 -> 0 | Q100: =D100*L100/1000 -> 0 | R100: =D100*E100/1000 -> 645.3605 | S100: =R100/65 -> 9.9286231 | T100: =D100*J100/1000/65 -> 0 | U100: =S100-T100 -> 9.9286231
A101: 25 | B101: Science | D101: 20.5 | E101: 31481 | F101: 2 | G101: =D101/F101*E101 -> 322680.25 | I101: =G101-H101 -> 322680.25 | J101: =H101/D101*2 -> 0 | K101: =E101-J101 -> 31481 | M101: =E101-L101 -> 31481 | N101: ='Primary 1-5'!AB56 -> 0 | O101: =E101-N101 -> 31481 | P101: =L101-N101 -> 0 | Q101: =D101*L101/1000 -> 0 | R101: =D101*E101/1000 -> 645.3605 | S101: =R101/65 -> 9.9286231 | T101: =D101*J101/1000/65 -> 0 | U101: =S101-T101 -> 9.9286231
A102: 26 | B102: Islam | D102: 10.5 | E102: 27782 | F102: 2 | G102: =D102/F102*E102 -> 145855.5 | I102: =G102-H102 -> 145855.5 | J102: =H102/D102*2 -> 0 | K102: =E102-J102 -> 27782 | M102: =E102-L102 -> 27782 | N102: ='Primary 1-5'!AC56 -> 0 | O102: =E102-N102 -> 27782 | P102: =L102-N102 -> 0 | Q102: =D102*L102/1000 -> 0 | R102: =D102*E102/1000 -> 291.711 | S102: =R102/65 -> 4.4878615 | T102: =D102*J102/1000/65 -> 0 | U102: =S102-T102 -> 4.4878615
A103: 27 | B103: Hindu | D103: 12.5 | E103: 3549 | F103: 2 | G103: =D103/F103*E103 -> 22181.25 | I103: =G103-H103 -> 22181.25 | J103: =H103/D103*2 -> 0 | K103: =E103-J103 -> 3549 | M103: =E103-L103 -> 3549 | N103: ='Primary 1-5'!AD56 -> 0 | O103: =E103-N103 -> 3549 | P103: =L103-N103 -> 0 | Q103: =D103*L103/1000 -> 0 | R103: =D103*E103/1000 -> 44.3625 | S103: =R103/65 -> 0.6825 | T103: =D103*J103/1000/65 -> 0 | U103: =S103-T103 -> 0.6825
A104: Grand Total | E104: =SUM(E77:E103) -> 806057 | F104: =SUM(F77:F103) -> 54 | G104: =SUM(G77:G103) -> 6232721 | H104: =SUM(H77:H103) -> 0 | I104: =SUM(I77:I103) -> 6232721 | J104: =SUM(J77:J103) -> 0 | K104: =SUM(K77:K103) -> 806057 | L104: =SUM(L77:L103) -> 0 | ... U104: =SUM(U77:U103) -> 191.77603
Q107: Manager (Production)
A108: gvóvi wm‡g· †ccvi wjt (BDwbU-2)
A109: Kz`ve,c~evBj, MvRxcyi|
A110: RvZxq wkÿvµg I cvV¨cy¯ÍK †evW© Gi 2027 wkÿve‡l©i cvV¨cy¯ÍK g~`ªY, evuavB I mieiv‡ni wbwg‡Ë cwiKíbv cÖwZ‡e`b
A111: cÖvBgvix-(1-5)-2027 | R111: =R79 -> 520.68
A112: SL | B112: Book Name | C112: Class | D112: Forma | E112: Total Books | F112: Forma | G112: Printing Impassion | J112: Printing Book | L112: Binding | N112: Delivery | P112: Stock Book | Q112: Gluing Rem | R112: Paper
E113: Lot-347 | G113: Total | H113: Print | I113: Due | J113: Print | K113: Due | L113: Binding | M113: Due | N113: Delivery | O113: Due | R113: Rem | S113: MT | T113: Used | U113: Due
A114: 1 | B114: Bangla | C114: One | D114: 11 | E114: 39266 | F114: 2 | G114: =D114/F114*E114 -> 215963 | I114: =G114-H114 -> 215963 | J114: =H114/D114*2 -> 0 | K114: =E114-J114 -> 39266 | M114: =E114-L114 -> 39266 | N114: ='Primary 1-5'!D81 -> 0 | O114: =E114-N114 -> 39266 | P114: =L114-N114 -> 0 | Q114: =D114*L114/1000 -> 0 | R114: =D114*E114/1000 -> 431.926 | S114: =R114/65 -> 6.6450154 | T114: =D114*J114/1000/65 -> 0 | U114: =S114-T114 -> 6.6450154
A115: 2 | B115: English | D115: 12 | E115: 39266 | F115: 2 | G115: =D115/F115*E115 -> 235596 | I115: =G115-H115 -> 235596 | J115: =H115/D115*2 -> 0 | K115: =E115-J115 -> 39266 | M115: =E115-L115 -> 39266 | N115: ='Primary 1-5'!E81 -> 0 | O115: =E115-N115 -> 39266 | P115: =L115-N115 -> 0 | Q115: =D115*L115/1000 -> 0 | R115: =D115*E115/1000 -> 471.192 | S115: =R115/65 -> 7.2491077 | T115: =D115*J115/1000/65 -> 0 | U115: =S115-T115 -> 7.2491077
A116: 3 | B116: Mathematics | D116: 15 | E116: 39266 | F116: 2 | G116: =D116/F116*E116 -> 294495 | I116: =G116-H116 -> 294495 | J116: =H116/D116*2 -> 0 | K116: =E116-J116 -> 39266 | M116: =E116-L116 -> 39266 | N116: ='Primary 1-5'!F81 -> 0 | O116: =E116-N116 -> 39266 | P116: =L116-N116 -> 0 | Q116: =D116*L116/1000 -> 0 | R116: =D116*E116/1000 -> 588.99 | S116: =R116/65 -> 9.0613846 | T116: =D116*J116/1000/65 -> 0 | U116: =S116-T116 -> 9.0613846
A117: 4 | B117: Bangla | C117: Two | D117: 9 | E117: 37948 | F117: 2 | G117: =D117/F117*E117 -> 170766 | I117: =G117-H117 -> 170766 | J117: =H117/D117*2 -> 0 | K117: =E117-J117 -> 37948 | M117: =E117-L117 -> 37948 | N117: ='Primary 1-5'!G81 -> 0 | O117: =E117-N117 -> 37948 | P117: =L117-N117 -> 0 | Q117: =D117*L117/1000 -> 0 | R117: =D117*E117/1000 -> 341.532 | S117: =R117/65 -> 5.2543385 | T117: =D117*J117/1000/65 -> 0 | U117: =S117-T117 -> 5.2543385
A118: 5 | B118: English | D118: 13 | E118: 37948 | F118: 2 | G118: =D118/F118*E118 -> 246662 | I118: =G118-H118 -> 246662 | J118: =H118/D118*2 -> 0 | K118: =E118-J118 -> 37948 | M118: =E118-L118 -> 37948 | N118: ='Primary 1-5'!H81 -> 0 | O118: =E118-N118 -> 37948 | P118: =L118-N118 -> 0 | Q118: =D118*L118/1000 -> 0 | R118: =D118*E118/1000 -> 493.324 | S118: =R118/65 -> 7.5896 | T118: =D118*J118/1000/65 -> 0 | U118: =S118-T118 -> 7.5896
A119: 6 | B119: Mathematics | D119: 17 | E119: 37948 | F119: 2 | G119: =D119/F119*E119 -> 322558 | I119: =G119-H119 -> 322558 | J119: =H119/D119*2 -> 0 | K119: =E119-J119 -> 37948 | M119: =E119-L119 -> 37948 | N119: ='Primary 1-5'!I81 -> 0 | O119: =E119-N119 -> 37948 | P119: =L119-N119 -> 0 | Q119: =D119*L119/1000 -> 0 | R119: =D119*E119/1000 -> 645.116 | S119: =R119/65 -> 9.9248615 | T119: =D119*J119/1000/65 -> 0 | U119: =S119-T119 -> 9.9248615
A120: 7 | B120: Bangla | C120: Three | D120: 13.5 | E120: 38282 | F120: 2 | G120: =D120/F120*E120 -> 258403.5 | I120: =G120-H120 -> 258403.5 | J120: =H120/D120*2 -> 0 | K120: =E120-J120 -> 38282 | M120: =E120-L120 -> 38282 | N120: ='Primary 1-5'!J81 -> 0 | O120: =E120-N120 -> 38282 | P120: =L120-N120 -> 0 | Q120: =D120*L120/1000 -> 0 | R120: =D120*E120/1000 -> 516.807 | S120: =R120/65 -> 7.9508769 | T120: =D120*J120/1000/65 -> 0 | U120: =S120-T120 -> 7.9508769
A121: 8 | B121: English | D121: 16 | E121: 38282 | F121: 2 | G121: =D121/F121*E121 -> 306256 | I121: =G121-H121 -> 306256 | J121: =H121/D121*2 -> 0 | K121: =E121-J121 -> 38282 | M121: =E121-L121 -> 38282 | N121: ='Primary 1-5'!K81 -> 0 | O121: =E121-N121 -> 38282 | P121: =L121-N121 -> 0 | Q121: =D121*L121/1000 -> 0 | R121: =D121*E121/1000 -> 612.512 | S121: =R121/65 -> 9.4232615 | T121: =D121*J121/1000/65 -> 0 | U121: =S121-T121 -> 9.4232615
A122: 9 | B122: Mathematics | D122: 20 | E122: 38282 | F122: 2 | G122: =D122/F122*E122 -> 382820 | I122: =G122-H122 -> 382820 | J122: =H122/D122*2 -> 0 | K122: =E122-J122 -> 38282 | M122: =E122-L122 -> 38282 | N122: ='Primary 1-5'!L81 -> 0 | O122: =E122-N122 -> 38282 | P122: =L122-N122 -> 0 | Q122: =D122*L122/1000 -> 0 | R122: =D122*E122/1000 -> 765.64 | S122: =R122/65 -> 11.779077 | T122: =D122*J122/1000/65 -> 0 | U122: =S122-T122 -> 11.779077
A123: 10 | B123: B&G | D123: 14.5 | E123: 38282 | F123: 2 | G123: =D123/F123*E123 -> 277544.5 | I123: =G123-H123 -> 277544.5 | J123: =H123/D123*2 -> 0 | K123: =E123-J123 -> 38282 | M123: =E123-L123 -> 38282 | N123: ='Primary 1-5'!M81 -> 0 | O123: =E123-N123 -> 38282 | P123: =L123-N123 -> 0 | Q123: =D123*L123/1000 -> 0 | R123: =D123*E123/1000 -> 555.089 | S123: =R123/65 -> 8.5398308 | T123: =D123*J123/1000/65 -> 0 | U123: =S123-T123 -> 8.5398308
A124: 11 | B124: Science | D124: 19 | E124: 38282 | F124: 2 | G124: =D124/F124*E124 -> 363679 | I124: =G124-H124 -> 363679 | J124: =H124/D124*2 -> 0 | K124: =E124-J124 -> 38282 | M124: =E124-L124 -> 38282 | N124: ='Primary 1-5'!N81 -> 0 | O124: =E124-N124 -> 38282 | P124: =L124-N124 -> 0 | Q124: =D124*L124/1000 -> 0 | R124: =D124*E124/1000 -> 727.358 | S124: =R124/65 -> 11.190123 | T124: =D124*J124/1000/65 -> 0 | U124: =S124-T124 -> 11.190123
A125: 12 | B125: Islam | D125: 9 | E125: 34143 | F125: 2 | G125: =D125/F125*E125 -> 153643.5 | I125: =G125-H125 -> 153643.5 | J125: =H125/D125*2 -> 0 | K125: =E125-J125 -> 34143 | M125: =E125-L125 -> 34143 | N125: ='Primary 1-5'!O81 -> 0 | O125: =E125-N125 -> 34143 | P125: =L125-N125 -> 0 | Q125: =D125*L125/1000 -> 0 | R125: =D125*E125/1000 -> 307.287 | S125: =R125/65 -> 4.7274923 | T125: =D125*J125/1000/65 -> 0 | U125: =S125-T125 -> 4.7274923
A126: 13 | B126: Hindu | D126: 11.5 | E126: 4089 | F126: 2 | G126: =D126/F126*E126 -> 23511.75 | I126: =G126-H126 -> 23511.75 | J126: =H126/D126*2 -> 0 | K126: =E126-J126 -> 4089 | M126: =E126-L126 -> 4089 | N126: ='Primary 1-5'!P81 -> 0 | O126: =E126-N126 -> 4089 | P126: =L126-N126 -> 0 | Q126: =D126*L126/1000 -> 0 | R126: =D126*E126/1000 -> 47.0235 | S126: =R126/65 -> 0.72343846 | T126: =D126*J126/1000/65 -> 0 | U126: =S126-T126 -> 0.72343846
A127: 14 | B127: Bangla | C127: Four | D127: 16.5 | E127: 36268 | F127: 2 | G127: =D127/F127*E127 -> 299211 | I127: =G127-H127 -> 299211 | J127: =H127/D127*2 -> 0 | K127: =E127-J127 -> 36268 | M127: =E127-L127 -> 36268 | N127: ='Primary 1-5'!Q81 -> 0 | O127: =E127-N127 -> 36268 | P127: =L127-N127 -> 0 | Q127: =D127*L127/1000 -> 0 | R127: =D127*E127/1000 -> 598.422 | S127: =R127/65 -> 9.2064923 | T127: =D127*J127/1000/65 -> 0 | U127: =S127-T127 -> 9.2064923
...

Sheet Pre-Primary
A1: Master simex paper ltd-2
A2: Kodabo.Pubail.Gajipur
A3: ‡Rjvt kÖxcyi,‡bÎ‡Kvbv jU bs 123 †kÖwY t cÖvK cÖv_wgK ZviwL t20.07.26
A4: µt bs | B4: Dc‡Rjv/_vbv | D4: Avgvi eB | E4: LvZv | F4: ‡gvU
A5: 1 | B5: wRbvBMvZx | C5: eivÏ | D5: 2471 | E5: 2471 | F5: =SUM(D5:E5) -> 4942
C6: ‡Wwjfvix | F6: =SUM(D6:E6) -> 0
A7: 2 | B7: bKjv | C7: eivÏ | D7: 4911 | E7: 4911 | F7: =SUM(D7:E7) -> 9822
C8: ‡Wwjfvix | F8: =SUM(D8:E8) -> 0
A9: 3 | B9: bvwjZvevox | C9: eivÏ | D9: 5124 | E9: 5124 | F9: =SUM(D9:E9) -> 10248
C10: ‡Wwjfvix | F10: =SUM(D10:E10) -> 0
A11: 4 | B11: kÖve©`x | C11: eivÏ | D11: 3889 | E11: 3889 | F11: =SUM(D11:E11) -> 7778
C12: ‡Wwjfvix | F12: =SUM(D12:E12) -> 0
A13: 5 | B13: ‡kicyi m`i | C13: eivÏ | D13: 9755 | E13: 9755 | F13: =SUM(D13:E13) -> 19510
C14: ‡Wwjfvix | F14: =SUM(D14:E14) -> 0
A15: 6 | B15: AvUcvov | C15: eivÏ | D15: 2796 | E15: 2796 | F15: =SUM(D15:E15) -> 5592
C16: ‡Wwjfvix | F16: =SUM(D16:E16) -> 0
A17: 7 | B17: KjgvKv›`v | C17: eivÏ | D17: 6277 | E17: 6277 | F17: =SUM(D17:E17) -> 12554
C18: ‡Wwjfvix | F18: =SUM(D18:E18) -> 0
A19: 8 | B19: ‡K›`yqv | C19: eivÏ | D19: 4818 | E19: 4818 | F19: =SUM(D19:E19) -> 9636
C20: ‡Wwjfvix | F20: =SUM(D20:E20) -> 0
A21: 9 | B21: `yM©vcyi | C21: eivÏ | D21: 4041 | E21: 4041 | F21: =SUM(D21:E21) -> 8082
C22: ‡Wwjfvix | F22: =SUM(D22:E22) -> 0
A23: 10 | B23: c~e©ajv | C23: eivÏ | D23: 5117 | E23: 5117 | F23: =SUM(D23:E23) -> 10234
C24: ‡Wwjfvix | F24: =SUM(D24:E24) -> 0
A25: 11 | B25: evinvÆv | C25: eivÏ | D25: 2762 | E25: 2762 | F25: =SUM(D25:E25) -> 5524
C26: ‡Wwjfvix | F26: =SUM(D26:E26) -> 0
A27: 12 | B27: g`b | C27: eivÏ | D27: 2995 | E27: 2995 | F27: =SUM(D27:E27) -> 5990
C28: ‡Wwjfvix | F28: =SUM(D28:E28) -> 0
A29: 13 | B29: gnbMÄ | C29: eivÏ | D29: 2849 | E29: 2849 | F29: =SUM(D29:E29) -> 5698
C30: ‡Wwjfvix | F30: =SUM(D30:E30) -> 0
A31: 14 | B31: LvwjqvRywo | C31: eivÏ | D31: 2033 | E31: 2033 | F31: =SUM(D31:E31) -> 4066
C32: ‡Wwjfvix | F32: =SUM(D32:E32) -> 0
A33: 15 | B33: ‡bÎ‡Kvbv m`i | C33: eivÏ | D33: 6538 | E33: 6538 | F33: =SUM(D33:E33) -> 13076
C34: ‡Wwjfvix | F34: =SUM(D34:E34) -> 0
A35: 16 | B35: GbwmwUwe bgybv | C35: eivÏ | D35: 5 | E35: 5 | F35: =SUM(D35:E35) -> 10
C36: ‡Wwjfvix | F36: =SUM(D36:E36) -> 0
A37: 17 | B37: wWwcB bgybv | C37: eivÏ | D37: 2 | E37: 2 | F37: =SUM(D37:E37) -> 4
C38: ‡Wwjfvix | F38: =SUM(D38:E38) -> 0
A39: 18 | B39: mKj Dc‡Rjv/_vbv bgybv | C39: eivÏ | D39: 15 | E39: 15 | F39: =SUM(D39:E39) -> 30
C40: ‡Wwjfvix | F40: =SUM(D40:E40) -> 0
A41: †gvU eivÏ | D41: =D5+D7+D9+D11+D13+D15+D17+D19+D21+D23+D25+D27+D29+D31+D33+D35+D37+D39 -> 66398 | E41: =E5+E7+E9+E11+E13+E15+E17+E19+E21+E23+E25+E27+E29+E31+E33+E35+E37+E39 -> 66398 | F41: =F5+F7+F9+F11+F13+F15+F17+F19+F21+F23+F25+F27+F29+F31+F33+F35+F37+F39 -> 132796
A42: ‡Wwjfvix | D42: =D6+D8+D10+D12+D14+D16+D18+D20+D22+D24+D26+D28+D30+D32+D34+D36+D38+D40 -> 0 | E42: =E6+E8+E10+E12+E14+E16+E18+E20+E22+E24+E26+E28+E30+E32+E34+E36+E38+E40 -> 0 | F42: =F6+F8+F10+F12+F14+F16+F18+F20+F22+F24+F26+F28+F30+F32+F34+F36+F38+F40 -> 0
A43: evwK | D43: =D41-D42 -> 66398 | E43: =E41-E42 -> 66398 | F43: =F41-F42 -> 132796

Sheet Primary 1-5
A1: Master simex paper ltd
A2: Kodabo.Pubail.Gajipur
A3: ‡Rjvt wSbvB`vn, jU bs 329, †kÖwY t 1g-5g | AC3: ZvwiL: 20.07.26
A4: µt bs | B4: Dc‡Rjv/_vbv | D4: 1g †kÖwb | G4: 2q †kÖwb | J4: 3q †kÖwb | Q4: 4_© | X4: 5g | AE4: ‡gvU eB
D5: evsjv | E5: Bs‡iwR | F5: MwYZ | G5: evsjv | H5: Bs‡iwR | I5: MwYZ | J5: evsjv | K5: Bs‡iwR | L5: MwYZ | M5: evtwek^ | N5: weÁvb | O5: Bmjvg | P5: wn›`y | Q5: evsjv | R5: Bs‡iwR | S5: MwYZ | T5: evtwek^ | U5: weÁvb | V5: Bmjvg | W5: wn›`y | X5: evsjv | Y5: Bs‡iwR | Z5: MwYZ | AA5: evtwek^ | AB5: weÁvb | AC5: Bmjvg | AD5: wn›`y
A6: 1 | B6: KvjxMÄ | C6: eivÏ | D6: 4745 | E6: 4745 | F6: 4745 | G6: 4822 | H6: 4822 | I6: 4822 | J6: 5025 | K6: 5025 | L6: 5025 | M6: 5025 | N6: 5025 | O6: 4288 | P6: 721 | Q6: 4696 | R6: 4696 | S6: 4696 | T6: 4696 | U6: 4696 | V6: 3977 | W6: 708 | X6: 4389 | Y6: 4389 | Z6: 4389 | AA6: 4389 | AB6: 4389 | AC6: 3733 | AD6: 644 | AE6: =SUM(D6:AD6) -> 113322
C7: ‡Wwjfvix | AE7: =SUM(D7:AD7) -> 0
A8: 2 | B8: KPz›`cyi | C8: eivÏ | D8: 2687 | E8: 2687 | F8: 2687 | G8: 2677 | H8: 2677 | I8: 2677 | J8: 2604 | K8: 2604 | L8: 2604 | M8: 2604 | N8: 2604 | O8: 2372 | P8: 232 | Q8: 2523 | R8: 2523 | S8: 2523 | T8: 2523 | U8: 2523 | V8: 2338 | W8: 185 | X8: 2263 | Y8: 2263 | Z8: 2263 | AA8: 2263 | AB8: 2263 | AC8: 2021 | AD8: 242 | AE8: =SUM(D8:AD8) -> 60432
C9: ‡Wwjfvix | AE9: =SUM(D9:AD9) -> 0
A10: 3 | B10: wSbvB`vn m`i | C10: eivÏ | D10: 10660 | E10: 10660 | F10: 10660 | G10: 10627 | H10: 10627 | I10: 10627 | J10: 10222 | K10: 10222 | L10: 10222 | M10: 10222 | N10: 10222 | O10: 9169 | P10: 1051 | Q10: 9348 | R10: 9348 | S10: 9348 | T10: 9348 | U10: 9348 | V10: 8429 | W10: 919 | X10: 8157 | Y10: 8157 | Z10: 8157 | AA10: 8157 | AB10: 8157 | AC10: 7375 | AD10: 782 | AE10: =SUM(D10:AD10) -> 230221
C11: ‡Wwjfvix | AE11: =SUM(D11:AD11) -> 0
A12: 4 | B12: g‡nkcyi | C12: eivÏ | D12: 6772 | E12: 6772 | F12: 6772 | G12: 6554 | H12: 6554 | I12: 6554 | J12: 6522 | K12: 6522 | L12: 6522 | M12: 6522 | N12: 6522 | O12: 6305 | P12: 217 | Q12: 6144 | R12: 6144 | S12: 6144 | T12: 6144 | U12: 6144 | V12: 5952 | W12: 192 | X12: 5386 | Y12: 5386 | Z12: 5386 | AA12: 5386 | AB12: 5386 | AC12: 5232 | AD12: 153 | AE12: =SUM(D12:AD12) -> 148289
C13: ‡Wwjfvix | AE13: =SUM(D13:AD13) -> 0
A14: 5 | B14: ‰kjKzcv | C14: eivÏ | D14: 9082 | E14: 9082 | F14: 9082 | G14: 9084 | H14: 9084 | I14: 9084 | J14: 8750 | K14: 8750 | L14: 8750 | M14: 8750 | N14: 8750 | O14: 8054 | P14: 696 | Q14: 8192 | R14: 8192 | S14: 8192 | T14: 8192 | U14: 8192 | V14: 7504 | W14: 688 | X14: 7391 | Y14: 7391 | Z14: 7391 | AA14: 7391 | AB14: 7391 | AC14: 6824 | AD14: 567 | AE14: =SUM(D14:AD14) -> 200496
C15: ‡Wwjfvix | AE15: =SUM(D15:AD15) -> 0
A16: 6 | B16: nwiYvKzÛ | C16: eivÏ | D16: 3464 | E16: 3464 | F16: 3464 | G16: 3588 | H16: 3588 | I16: 3588 | J16: 3477 | K16: 3477 | L16: 3477 | M16: 3477 | N16: 3477 | O16: 3337 | P16: 140 | Q16: 3471 | R16: 3471 | S16: 3471 | T16: 3471 | U16: 3471 | V16: 3337 | W16: 134 | X16: 3166 | Y16: 3166 | Z16: 3166 | AA16: 3166 | AB16: 3166 | AC16: 3035 | AD16: 131 | AE16: =SUM(D16:AD16) -> 81840
C17: ‡Wwjfvix | AE17: =SUM(D17:AD17) -> 0
A18: 7 | B18: GbwmwUwe bgybv | C18: eivÏ | D18: 2 | E18: 2 | F18: 2 | G18: 2 | H18: 2 | I18: 2 | J18: 2 | K18: 2 | L18: 2 | M18: 2 | N18: 2 | O18: 2 | P18: 2 | Q18: 2 | R18: 2 | S18: 2 | T18: 2 | U18: 2 | V18: 2 | W18: 2 | X18: 2 | Y18: 2 | Z18: 2 | AA18: 2 | AB18: 2 | AC18: 2 | AD18: 2 | AE18: =SUM(D18:AD18) -> 54
C19: ‡Wwjfvix | AE19: =SUM(D19:AD19) -> 0
A20: 8 | B20: wWwcB bgybv | C20: eivÏ | D20: 2 | E20: 2 | F20: 2 | G20: 2 | H20: 2 | I20: 2 | J20: 2 | K20: 2 | L20: 2 | M20: 2 | N20: 2 | O20: 2 | P20: 2 | Q20: 2 | R20: 2 | S20: 2 | T20: 2 | U20: 2 | V20: 2 | W20: 2 | X20: 2 | Y20: 2 | Z20: 2 | AA20: 2 | AB20: 2 | AC20: 2 | AD20: 2 | AE20: =SUM(D20:AD20) -> 54
C21: ‡Wwjfvix | AE21: =SUM(D21:AD21) -> 0
A22: 9 | B22: mKj _vbv/Dc‡Rjv bgybv | C22: eivÏ | D22: 6 | E22: 6 | F22: 6 | G22: 6 | H22: 6 | I22: 6 | J22: 6 | K22: 6 | L22: 6 | M22: 6 | N22: 6 | O22: 6 | P22: 6 | Q22: 6 | R22: 6 | S22: 6 | T22: 6 | U22: 6 | V22: 6 | W22: 6 | X22: 6 | Y22: 6 | Z22: 6 | AA22: 6 | AB22: 6 | AC22: 6 | AD22: 6 | AE22: =SUM(D22:AD22) -> 162
C23: ‡Wwjfvix | AE23: =SUM(D23:AD23) -> 0
A24: †gvU eB | D24: =D6+D8+D10+D12+D14+D16+D18+D20+D22 -> 37420 | E24: =E6+E8+E10+E12+E14+E16+E18+E20+E22 -> 37420 | F24: =F6+F8+F10+F12+F14+F16+F18+F20+F22 -> 37420 | G24: =G6+G8+G10+G12+G14+G16+G18+G20+G22 -> 37362 | H24: =H6+H8+H10+H12+H14+H16+H18+H20+H22 -> 37362 | I24: =I6+I8+I10+I12+I14+I16+I18+I20+I22 -> 37362 | J24: =J6+J8+J10+J12+J14+J16+J18+J20+J22 -> 36610 | K24: =K6+K8+K10+K12+K14+K16+K18+K20+K22 -> 36610 | ... AD24: =AD6+AD8+AD10+AD12+AD14+AD16+AD18+AD20+AD22 -> 2529 | AE24: =SUM(D24:AD24) -> 834870
A25: ‡Wwjfvwi | D25: =D7+D9+D11+D13+D15+D17+D19+D21+D23 -> 0 | E25: =E7+E9+E11+E13+E15+E17+E19+E21+E23 -> 0 | F25: =F7+F9+F11+F13+F15+F17+F19+F21+F23 -> 0 | G25: =G7+G9+G11+G13+G15+G17+G19+G21+G23 -> 0 | H25: =H7+H9+H11+H13+H15+H17+H19+H21+H23 -> 0 | I25: =I7+I9+I11+I13+I15+I17+I19+I21+I23 -> 0 | J25: =J7+J9+J11+J13+J15+J17+J19+J21+J23 -> 0 | K25: =K7+K9+K11+K13+K15+K17+K19+K21+K23 -> 0 | ... AD25: =AD7+AD9+AD11+AD13+AD15+AD17+AD19+AD21+AD23 -> 0 | AE25: =SUM(D25:AD25) -> 0
A26: evwK | D26: =D24-D25 -> 37420 | E26: =E24-E25 -> 37420 | F26: =F24-F25 -> 37420 | G26: =G24-G25 -> 37362 | H26: =H24-H25 -> 37362 | I26: =I24-I25 -> 37362 | J26: =J24-J25 -> 36610 | K26: =K24-K25 -> 36610 | ... AD26: =AD24-AD25 -> 2529 | AE26: =SUM(D26:AD26) -> 834870
A28: ‡Rjvt ewikvj, jU bs 338, †kÖwY t 1g-5g | AC28: ZvwiL: 20.07.26
A29: µt bs | B29: Dc‡Rjv/_vbv | D29: 1g †kÖwb | G29: 2q †kÖwb | J29: 3q †kÖwb | Q29: 4_© | X29: 5g | AE29: ‡gvU eB
D30: evsjv | E30: Bs‡iwR | F30: MwYZ | G30: evsjv | H30: Bs‡iwR | I30: MwYZ | J30: evsjv | K30: Bs‡iwR | L30: MwYZ | M30: evtwek^ | N30: weÁvb | O30: Bmjvg | P30: wn›`y | Q30: evsjv | R30: Bs‡iwR | S30: MwYZ | T30: evtwek^ | U30: weÁvb | V30: Bmjvg | W30: wn›`y | X30: evsjv | Y30: Bs‡iwR | Z30: MwYZ | AA30: evtwek^ | AB30: weÁvb | AC30: Bmjvg | AD30: wn›`y
A31: 1 | B31: Av‰MjSvov | C31: eivÏ | D31: 2743 | E31: 2743 | F31: 2743 | G31: 2766 | H31: 2766 | I31: 2766 | J31: 2780 | K31: 2780 | L31: 2780 | M31: 2780 | N31: 2780 | O31: 1563 | P31: 1131 | Q31: 2584 | R31: 2584 | S31: 2584 | T31: 2584 | U31: 2584 | V31: 1471 | W31: 1014 | X31: 2490 | Y31: 2490 | Z31: 2490 | AA31: 2490 | AB31: 2490 | AC31: 1415 | AD31: 977 | AE31: =SUM(D31:AD31) -> 63368
C32: ‡Wwjfvix | AE32: =SUM(D32:AD32) -> 0
A33: 2 | B33: DwRicyi | C33: eivÏ | D33: 3983 | E33: 3983 | F33: 3983 | G33: 4027 | H33: 4027 | I33: 4027 | J33: 4319 | K33: 4319 | L33: 4319 | M33: 4319 | N33: 4319 | O33: 3148 | P33: 1138 | Q33: 4241 | R33: 4241 | S33: 4241 | T33: 4241 | U33: 4241 | V33: 3126 | W33: 1086 | X33: 4007 | Y33: 4007 | Z33: 4007 | AA33: 4007 | AB33: 4007 | AC33: 2969 | AD33: 1003 | AE33: =SUM(D33:AD33) -> 99335
C34: ‡Wwjfvix | AE34: =SUM(D34:AD34) -> 0
A35: 3 | B35: ev‡KiMÄ | C35: eivÏ | D35: 5780 | E35: 5780 | F35: 5780 | G35: 5848 | H35: 5848 | I35: 5848 | J35: 5877 | K35: 5877 | L35: 5877 | M35: 5877 | N35: 5877 | O35: 5303 | P35: 558 | Q35: 5942 | R35: 5942 | S35: 5942 | T35: 5942 | U35: 5942 | V35: 5441 | W35: 489 | X35: 5945 | Y35: 5945 | Z35: 5945 | AA35: 5945 | AB35: 5945 | AC35: 5415 | AD35: 517 | AE35: =SUM(D35:AD35) -> 141427
C36: ‡Wwjfvix | AE36: =SUM(D36:AD36) -> 0
A37: 4 | B37: evbvixcvov | C37: eivÏ | D37: 2711 | E37: 2711 | F37: 2711 | G37: 2796 | H37: 2796 | I37: 2796 | J37: 2913 | K37: 2913 | L37: 2913 | M37: 2913 | N37: 2913 | O37: 2438 | P37: 464 | Q37: 2865 | R37: 2865 | S37: 2865 | T37: 2865 | U37: 2865 | V37: 2427 | W37: 431 | X37: 2557 | Y37: 2557 | Z37: 2557 | AA37: 2557 | AB37: 2557 | AC37: 2150 | AD37: 398 | AE37: =SUM(D37:AD37) -> 66504
C38: ‡Wwjfvix | AE38: =SUM(D38:AD38) -> 0
A39: 5 | B39: eveyMÄ | C39: eivÏ | D39: 2387 | E39: 2387 | F39: 2387 | G39: 2382 | H39: 2382 | I39: 2382 | J39: 2511 | K39: 2511 | L39: 2511 | M39: 2511 | N39: 2511 | O39: 2380 | P39: 129 | Q39: 2657 | R39: 2657 | S39: 2657 | T39: 2657 | U39: 2657 | V39: 2526 | W39: 129 | X39: 2558 | Y39: 2558 | Z39: 2558 | AA39: 2558 | AB39: 2558 | AC39: 2454 | AD39: 103 | AE39: =SUM(D39:AD39) -> 60658
C40: ‡Wwjfvix | AE40: =SUM(D40:AD40) -> 0
A41: 6 | B41: g~jv`x | C41: eivÏ | D41: 4364 | E41: 4364 | F41: 4364 | G41: 4081 | H41: 4081 | I41: 4081 | J41: 4064 | K41: 4064 | L41: 4064 | M41: 4064 | N41: 4064 | O41: 4006 | P41: 58 | Q41: 3877 | R41: 3877 | S41: 3877 | T41: 3877 | U41: 3877 | V41: 3811 | W41: 66 | X41: 3592 | Y41: 3592 | Z41: 3592 | AA41: 3592 | AB41: 3592 | AC41: 3522 | AD41: 70 | AE41: =SUM(D41:AD41) -> 94533
C42: ‡Wwjfvix | AE42: =SUM(D42:AD42) -> 0
A43: 7 | B43: ‡g‡n›`xMÄ | C43: eivÏ | D43: 6500 | E43: 6500 | F43: 6500 | G43: 6260 | H43: 6260 | I43: 6260 | J43: 6276 | K43: 6276 | L43: 6276 | M43: 6276 | N43: 6276 | O43: 6100 | P43: 176 | Q43: 5879 | R43: 5879 | S43: 5879 | T43: 5879 | U43: 5879 | V43: 5699 | W43: 180 | X43: 5235 | Y43: 5235 | Z43: 5235 | AA43: 5235 | AB43: 5235 | AC43: 5089 | AD43: 146 | AE43: =SUM(D43:AD43) -> 142620
C44: ‡Wwjfvix | AE44: =SUM(D44:AD44) -> 0
A45: 8 | B45: wnRjv | C45: eivÏ | D45: 2787 | E45: 2787 | F45: 2787 | G45: 2625 | H45: 2625 | I45: 2625 | J45: 2429 | K45: 2429 | L45: 2429 | M45: 2429 | N45: 2429 | O45: 2362 | P45: 67 | Q45: 2376 | R45: 2376 | S45: 2376 | T45: 2376 | U45: 2376 | V45: 2295 | W45: 81 | X45: 2028 | Y45: 2028 | Z45: 2028 | AA45: 2028 | AB45: 2028 | AC45: 1959 | AD45: 69 | AE45: =SUM(D45:AD45) -> 57234
C46: ‡Wwjfvix | AE46: =SUM(D46:AD46) -> 0
A47: 9 | B47: evcvi wWwW ewikvj | C47: eivÏ | D47: 3444 | E47: 3444 | F47: 3444 | G47: 3424 | H47: 3424 | I47: 3424 | J47: 3480 | K47: 3480 | L47: 3480 | M47: 3480 | N47: 3480 | O47: 3197 | P47: 277 | Q47: 3371 | R47: 3371 | S47: 3371 | T47: 3371 | U47: 3371 | V47: 3106 | W47: 259 | X47: 3056 | Y47: 3056 | Z47: 3056 | AA47: 3056 | AB47: 3056 | AC47: 2796 | AD47: 253 | AE47: =SUM(D47:AD47) -> 80027
C48: ‡Wwjfvix | AE48: =SUM(D48:AD48) -> 0
A49: 10 | B49: GbwmwUwe bgybv | C49: eivÏ | D49: 2 | E49: 2 | F49: 2 | G49: 2 | H49: 2 | I49: 2 | J49: 2 | K49: 2 | L49: 2 | M49: 2 | N49: 2 | O49: 2 | P49: 2 | Q49: 2 | R49: 2 | S49: 2 | T49: 2 | U49: 2 | V49: 2 | W49: 2 | X49: 2 | Y49: 2 | Z49: 2 | AA49: 2 | AB49: 2 | AC49: 2 | AD49: 2 | AE49: =SUM(D49:AD49) -> 54
C50: ‡Wwjfvix | AE50: =SUM(D50:AD50) -> 0
A51: 11 | B51: wWwcB bgybv | C51: eivÏ | D51: 2 | E51: 2 | F51: 2 | G51: 2 | H51: 2 | I51: 2 | J51: 2 | K51: 2 | L51: 2 | M51: 2 | N51: 2 | O51: 2 | P51: 2 | Q51: 2 | R51: 2 | S51: 2 | T51: 2 | U51: 2 | V51: 2 | W51: 2 | X51: 2 | Y51: 2 | Z51: 2 | AA51: 2 | AB51: 2 | AC51: 2 | AD51: 2 | AE51: =SUM(D51:AD51) -> 54
C52: ‡Wwjfvix | AE52: =SUM(D52:AD52) -> 0
A53: 12 | B53: mKj _vbv/Dc‡Rjv bgybv | C53: eivÏ | D53: 9 | E53: 9 | F53: 9 | G53: 9 | H53: 9 | I53: 9 | J53: 9 | K53: 9 | L53: 9 | M53: 9 | N53: 9 | O53: 9 | P53: 9 | Q53: 9 | R53: 9 | S53: 9 | T53: 9 | U53: 9 | V53: 9 | W53: 9 | X53: 9 | Y53: 9 | Z53: 9 | AA53: 9 | AB53: 9 | AC53: 9 | AD53: 9 | AE53: =SUM(D53:AD53) -> 243
C54: ‡Wwjfvix | AE54: =SUM(D54:AD54) -> 0
A55: †gvU eB | D55: =D31+D33+D35+D37+D39+D41+D43+D45+D47+D49+D51+D53 -> 34712 | E55: =E31+E33+E35+E37+E39+E41+E43+E45+E47+E49+E51+E53 -> 34712 | F55: =F31+F33+F35+F37+F39+F41+F43+F45+F47+F49+F51+F53 -> 34712 | G55: =G31+G33+G35+G37+G39+G41+G43+G45+G47+G49+G51+G53 -> 34222 | H55: =H31+H33+H35+H37+H39+H41+H43+H45+H47+H49+H51+H53 -> 34222 | I55: =I31+I33+I35+I37+I39+I41+I43+I45+I47+I49+I51+I53 -> 34222 | J55: =J31+J33+J35+J37+J39+J41+J43+J45+J47+J49+J51+J53 -> 34662 | K55: =K31+K33+K35+K37+K39+K41+K43+K45+K47+K49+K51+K53 -> 34662 | ... AE55: =AE31+AE33+AE35+AE37+AE39+AE41+AE43+AE45+AE47+AE49+AE51+AE53 -> 806057
A56: ‡Wwjfvwi | D56: =D32+D34+D36+D38+D40+D42+D44+D46+D48+D50+D52+D54 -> 0 | E56: =E32+E34+E36+E38+E40+E42+E44+E46+E48+E50+E52+E54 -> 0 | F56: =F32+F34+F36+F38+F40+F42+F44+F46+F48+F50+F52+F54 -> 0 | G56: =G32+G34+G36+G38+G40+G42+G44+G46+G48+G50+G52+G54 -> 0 | H56: =H32+H34+H36+H38+H40+H42+H44+H46+H48+H50+H52+H54 -> 0 | I56: =I32+I34+I36+I38+I40+I42+I44+I46+I48+I50+I52+I54 -> 0 | J56: =J32+J34+J36+J38+J40+J42+J44+J46+J48+J50+J52+J54 -> 0 | K56: =K32+K34+K36+K38+K40+K42+K44+K46+K48+K50+K52+K54 -> 0 | ... AE56: =AE32+AE34+AE36+AE38+AE40+AE42+AE44+AE46+AE48+AE50+AE52+AE54 -> 0
A57: evwK | D57: =D55-D56 -> 34712 | E57: =E55-E56 -> 34712 | F57: =F55-F56 -> 34712 | G57: =G55-G56 -> 34222 | H57: =H55-H56 -> 34222 | I57: =I55-I56 -> 34222 | J57: =J55-J56 -> 34662 | K57: =K55-K56 -> 34662 | ... AD57: =AD55-AD56 -> 3549 | AE57: =SUM(D57:AD57) -> 806057
A59: ‡Rjvt wm‡jU, jU bs 347, †kÖwY t 1g-5g | AC59: ZvwiL: 20.07.26
A60: µt bs | B60: Dc‡Rjv/_vbv | D60: 1g †kÖwb | G60: 2q †kÖwb | J60: 3q †kÖwb | Q60: 4_© | X60: 5g | AE60: ‡gvU eB
D61: evsjv | E61: Bs‡iwR | F61: MwYZ | G61: evsjv | H61: Bs‡iwR | I61: MwYZ | J61: evsjv | K61: Bs‡iwR | L61: MwYZ | M61: evtwek^ | N61: weÁvb | O61: Bmjvg | P61: wn›`y | Q61: evsjv | R61: Bs‡iwR | S61: MwYZ | T61: evtwek^ | U61: weÁvb | V61: Bmjvg | W61: wn›`y | X61: evsjv | Y61: Bs‡iwR | Z61: MwYZ | AA61: evtwek^ | AB61: weÁvb | AC61: Bmjvg | AD61: wn›`y
A62: 1 | B62: ‡dÂzMÄ | C62: eivÏ | D62: 2008 | E62: 2008 | F62: 2008 | G62: 2029 | H62: 2029 | I62: 2029 | J62: 2012 | K62: 2012 | L62: 2012 | M62: 2012 | N62: 2012 | O62: 1764 | P62: 248 | Q62: 1843 | R62: 1843 | S62: 1843 | T62: 1843 | U62: 1843 | V62: 1625 | W62: 218 | X62: 1647 | Y62: 1647 | Z62: 1647 | AA62: 1647 | AB62: 1647 | AC62: 1429 | AD62: 218 | AE62: =SUM(D62:AD62) -> 45123
C63: ‡Wwjfvix | AE63: =SUM(D63:AD63) -> 0
A64: 2 | B64: ‡MvjvdMÄ | C64: eivÏ | D64: 6175 | E64: 6175 | F64: 6175 | G64: 6081 | H64: 6081 | I64: 6081 | J64: 6124 | K64: 6124 | L64: 6124 | M64: 6124 | N64: 6124 | O64: 5851 | P64: 271 | Q64: 5814 | R64: 5814 | S64: 5814 | T64: 5814 | U64: 5814 | V64: 5543 | W64: 271 | X64: 5180 | Y64: 5180 | Z64: 5180 | AA64: 5180 | AB64: 5180 | AC64: 4927 | AD64: 252 | AE64: =SUM(D64:AD64) -> 139473
C65: ‡Wwjfvix | AE65: =SUM(D65:AD65) -> 0
A66: 3 | B66: m`i wm‡jU | C66: eivÏ | D66: 18430 | E66: 18430 | F66: 18430 | G66: 17653 | H66: 17653 | I66: 17653 | J66: 17586 | K66: 17586 | L66: 17586 | M66: 17586 | N66: 17586 | O66: 14767 | P66: 2765 | Q66: 16786 | R66: 16786 | S66: 16786 | T66: 16786 | U66: 16786 | V66: 14042 | W66: 2694 | X66: 15398 | Y66: 15398 | Z66: 15398 | AA66: 15398 | AB66: 15398 | AC66: 12810 | AD66: 2528 | AE66: =SUM(D66:AD66) -> 406705
C67: ‡Wwjfvix | AE67: =SUM(D67:AD67) -> 0
A68: 4 | B68: KvbvBNvU | C68: eivÏ | D68: 7247 | E68: 7247 | F68: 7247 | G68: 6921 | H68: 6921 | I68: 6921 | J68: 7086 | K68: 7086 | L68: 7086 | M68: 7086 | N68: 7086 | O68: 6877 | P68: 205 | Q68: 6627 | R68: 6627 | S68: 6627 | T68: 6627 | U68: 6627 | V68: 6403 | W68: 222 | X68: 5665 | Y68: 5665 | Z68: 5665 | AA68: 5665 | AB68: 5665 | AC68: 5489 | AD68: 175 | AE68: =SUM(D68:AD68) -> 158765
C69: ‡Wwjfvix | AE69: =SUM(D69:AD69) -> 0
A70: 5 | B70: evjvMÄ | C70: eivÏ | D70: 2017 | E70: 2017 | F70: 2017 | G70: 1939 | H70: 1939 | I70: 1939 | J70: 2049 | K70: 2049 | L70: 2049 | M70: 2049 | N70: 2049 | O70: 1802 | P70: 247 | Q70: 1995 | R70: 1995 | S70: 1995 | T70: 1995 | U70: 1995 | V70: 1754 | W70: 241 | X70: 1781 | Y70: 1781 | Z70: 1781 | AA70: 1781 | AB70: 1781 | AC70: 1557 | AD70: 224 | AE70: =SUM(D70:AD70) -> 46818
C71: ‡Wwjfvix | AE71: =SUM(D71:AD71) -> 0
A72: 6 | B72: Imgvbx bMi | C72: eivÏ | D72: 3379 | E72: 3379 | F72: 3379 | G72: 3315 | H72: 3315 | I72: 3315 | J72: 3415 | K72: 3415 | L72: 3415 | M72: 3415 | N72: 3415 | O72: 3072 | P72: 343 | Q72: 3193 | R72: 3193 | S72: 3193 | T72: 3193 | U72: 3193 | V72: 2878 | W72: 314 | X72: 2914 | Y72: 2914 | Z72: 2914 | AA72: 2914 | AB72: 2914 | AC72: 2613 | AD72: 301 | AE72: =SUM(D72:AD72) -> 77213
C73: ‡Wwjfvix | AE73: =SUM(D73:AD73) -> 0
A74: 7 | B74: GbwmwUwe bgybv | C74: eivÏ | D74: 2 | E74: 2 | F74: 2 | G74: 2 | H74: 2 | I74: 2 | J74: 2 | K74: 2 | L74: 2 | M74: 2 | N74: 2 | O74: 2 | P74: 2 | Q74: 2 | R74: 2 | S74: 2 | T74: 2 | U74: 2 | V74: 2 | W74: 2 | X74: 2 | Y74: 2 | Z74: 2 | AA74: 2 | AB74: 2 | AC74: 2 | AD74: 2 | AE74: =SUM(D74:AD74) -> 54
C75: ‡Wwjfvix | AE75: =SUM(D75:AD75) -> 0
A76: 8 | B76: wWwcB bgybv | C76: eivÏ | D76: 2 | E76: 2 | F76: 2 | G76: 2 | H76: 2 | I76: 2 | J76: 2 | K76: 2 | L76: 2 | M76: 2 | N76: 2 | O76: 2 | P76: 2 | Q76: 2 | R76: 2 | S76: 2 | T76: 2 | U76: 2 | V76: 2 | W76: 2 | X76: 2 | Y76: 2 | Z76: 2 | AA76: 2 | AB76: 2 | AC76: 2 | AD76: 2 | AE76: =SUM(D76:AD76) -> 54
C77: ‡Wwjfvix | AE77: =SUM(D77:AD77) -> 0
A78: 9 | B78: mKj _vbv/Dc‡Rjv bgybv | C78: eivÏ | D78: 6 | E78: 6 | F78: 6 | G78: 6 | H78: 6 | I78: 6 | J78: 6 | K78: 6 | L78: 6 | M78: 6 | N78: 6 | O78: 6 | P78: 6 | Q78: 6 | R78: 6 | S78: 6 | T78: 6 | U78: 6 | V78: 6 | W78: 6 | X78: 6 | Y78: 6 | Z78: 6 | AA78: 6 | AB78: 6 | AC78: 6 | AD78: 6 | AE78: =SUM(D78:AD78) -> 162
C79: ‡Wwjfvix | AE79: =SUM(D79:AD79) -> 0
A80: †gvU eB | D80: =D62+D64+D66+D68+D70+D72+D74+D76+D78 -> 39266 | E80: =E62+E64+E66+E68+E70+E72+E74+E76+E78 -> 39266 | F80: =F62+F64+F66+F68+F70+F72+F74+F76+F78 -> 39266 | G80: =G62+G64+G66+G68+G70+G72+G74+G76+G78 -> 37948 | H80: =H62+H64+H66+H68+H70+H72+H74+H76+H78 -> 37948 | I80: =I62+I64+I66+I68+I70+I72+I74+I76+I78 -> 37948 | J80: =J62+J64+J66+J68+J70+J72+J74+J76+J78 -> 38282 | K80: =K62+K64+K66+K68+K70+K72+K74+K76+K78 -> 38282 | ... AE80: =AE62+AE64+AE66+AE68+AE70+AE72+AE74+AE76+AE78 -> 874367
A81: ‡Wwjfvwi | D81: =D63+D65+D67+D69+D71+D73+D75+D77+D79 -> 0 | E81: =E63+E65+E67+E69+E71+E73+E75+E77+E79 -> 0 | F81: =F63+F65+F67+F69+F71+F73+F75+F77+F79 -> 0 | G81: =G63+G65+G67+G69+G71+G73+G75+G77+G79 -> 0 | H81: =H63+H65+H67+H69+H71+H73+H75+H77+H79 -> 0 | I81: =I63+I65+I67+I69+I71+I73+I75+I77+I79 -> 0 | J81: =J63+J65+J67+J69+J71+J73+J75+J77+J79 -> 0 | K81: =K63+K65+K67+K69+K71+K73+K75+K77+K79 -> 0 | ... AE81: =AE63+AE65+AE67+AE69+AE71+AE73+AE75+AE77+AE79 -> 0
A82: evwK | D82: =D80-D81 -> 39266 | E82: =E80-E81 -> 39266 | F82: =F80-F81 -> 39266 | G82: =G80-G81 -> 37948 | H82: =H80-H81 -> 37948 | I82: =I80-I81 -> 37948 | J82: =J80-J81 -> 38282 | K82: =K80-K81 -> 38282 | ... AD82: =AD80-AD81 -> 3708 | AE82: =SUM(D82:AD82) -> 874367
A84: ‡Rjvt XvKv, jU bs 375, †kÖwY t 1g-5g | AC84: ZvwiL: 20.07.26
A85: µt bs | B85: Dc‡Rjv/_vbv | D85: 1g †kÖwb | G85: 2q †kÖwb | J85: 3q †kÖwb | Q85: 4_© | X85: 5g | AE85: ‡gvU eB
D86: evsjv | E86: Bs‡iwR | F86: MwYZ | G86: evsjv | H86: Bs‡iwR | I86: MwYZ | J86: evsjv | K86: Bs‡iwR | L86: MwYZ | M86: evtwek^ | N86: weÁvb | O86: Bmjvg | P86: wn›`y | Q86: evsjv | R86: Bs‡iwR | S86: MwYZ | T86: evtwek^ | U86: weÁvb | V86: Bmjvg | W86: wn›`y | X86: evsjv | Y86: Bs‡iwR | Z86: MwYZ | AA86: evtwek^ | AB86: weÁvb | AC86: Bmjvg | AD86: wn›`y
A87: 1 | B87: wgicyi | C87: eivÏ | D87: 36397 | E87: 36397 | F87: 36397 | G87: 34323 | H87: 34323 | I87: 34323 | J87: 33995 | K87: 33995 | L87: 33995 | M87: 33995 | N87: 33995 | O87: 32880 | P87: 888 | Q87: 32795 | R87: 32795 | S87: 32795 | T87: 32795 | U87: 32795 | V87: 31715 | W87: 861 | X87: 32504 | Y87: 32504 | Z87: 32504 | AA87: 32504 | AB87: 32504 | AC87: 31432 | AD87: 885 | AE87: =SUM(D87:AD87) -> 807291
C88: ‡Wwjfvix | AE88: =SUM(D88:AD88) -> 0
A89: 2 | B89: igbv | C89: eivÏ | D89: 3476 | E89: 3476 | F89: 3476 | G89: 3486 | H89: 3486 | I89: 3486 | J89: 3389 | K89: 3389 | L89: 3389 | M89: 3389 | N89: 3389 | O89: 3118 | P89: 238 | Q89: 3326 | R89: 3326 | S89: 3326 | T89: 3326 | U89: 3326 | V89: 3059 | W89: 236 | X89: 3368 | Y89: 3368 | Z89: 3368 | AA89: 3368 | AB89: 3368 | AC89: 3116 | AD89: 227 | AE89: =SUM(D89:AD89) -> 81295
C90: ‡Wwjfvix | AE90: =SUM(D90:AD90) -> 0
A91: 3 | B91: GbwmwUwe bgybv | C91: eivÏ | D91: 2 | E91: 2 | F91: 2 | G91: 2 | H91: 2 | I91: 2 | J91: 2 | K91: 2 | L91: 2 | M91: 2 | N91: 2 | O91: 2 | P91: 2 | Q91: 2 | R91: 2 | S91: 2 | T91: 2 | U91: 2 | V91: 2 | W91: 2 | X91: 2 | Y91: 2 | Z91: 2 | AA91: 2 | AB91: 2 | AC91: 2 | AD91: 2 | AE91: =SUM(D91:AD91) -> 54
C92: ‡Wwjfvix | AE92: =SUM(D92:AD92) -> 0
A93: 4 | B93: wWwcB bgybv | C93: eivÏ | D93: 2 | E93: 2 | F93: 2 | G93: 2 | H93: 2 | I93: 2 | J93: 2 | K93: 2 | L93: 2 | M93: 2 | N93: 2 | O93: 2 | P93: 2 | Q93: 2 | R93: 2 | S93: 2 | T93: 2 | U93: 2 | V93: 2 | W93: 2 | X93: 2 | Y93: 2 | Z93: 2 | AA93: 2 | AB93: 2 | AC93: 2 | AD93: 2 | AE93: =SUM(D93:AD93) -> 54
C94: ‡Wwjfvix | AE94: =SUM(D94:AD94) -> 0
A95: 5 | B95: mKj _vbv/Dc‡Rjv bgybv | C95: eivÏ | D95: 2 | E95: 2 | F95: 2 | G95: 2 | H95: 2 | I95: 2 | J95: 2 | K95: 2 | L95: 2 | M95: 2 | N95: 2 | O95: 2 | P95: 2 | Q95: 2 | R95: 2 | S95: 2 | T95: 2 | U95: 2 | V95: 2 | W95: 2 | X95: 2 | Y95: 2 | Z95: 2 | AA95: 2 | AB95: 2 | AC95: 2 | AD95: 2 | AE95: =SUM(D95:AD95) -> 54
C96: ‡Wwjfvix | AE96: =SUM(D96:AD96) -> 0
A97: †gvU eB | D97: =D87+D89+D91+D93+D95 -> 39879 | E97: =E87+E89+E91+E93+E95 -> 39879 | F97: =F87+F89+F91+F93+F95 -> 39879 | G97: =G87+G89+G91+G93+G95 -> 37815 | H97: =H87+H89+H91+H93+H95 -> 37815 | I97: =I87+I89+I91+I93+I95 -> 37815 | J97: =J87+J89+J91+J93+J95 -> 37390 | K97: =K87+K89+K91+K93+K95 -> 37390 | ... AE97: =AE87+AE89+AE91+AE93+AE95 -> 888748
A98: ‡Wwjfvwi | D98: =D88+D90+D92+D94+D96 -> 0 | E98: =E88+E90+E92+E94+E96 -> 0 | F98: =F88+F90+F92+F94+F96 -> 0 | G98: =G88+G90+G92+G94+G96 -> 0 | H98: =H88+H90+H92+H94+H96 -> 0 | I98: =I88+I90+I92+I94+I96 -> 0 | J98: =J88+J90+J92+J94+J96 -> 0 | K98: =K88+K90+K92+K94+K96 -> 0 | ... AE98: =AE88+AE90+AE92+AE94+AE96 -> 0
A99: evwK | D99: =D97-D98 -> 39879 | E99: =E97-E98 -> 39879 | F99: =F97-F98 -> 39879 | G99: =G97-G98 -> 37815 | H99: =H97-H98 -> 37815 | I99: =I97-I98 -> 37815 | J99: =J97-J98 -> 37390 | K99: =K97-K98 -> 37390 | ... AD99: =AD97-AD98 -> 1118 | AE99: =SUM(D99:AD99) -> 888748
D100: 1 | E100: 2 | F100: 3 | G100: 4 | H100: 5 | I100: 6 | J100: 7 | K100: 8 | L100: 9 | M100: 10 | N100: 11 | O100: 12 | P100: 13 | Q100: 14 | R100: 15 | S100: 16 | T100: 17 | U100: 18 | V100: 19 | W100: 20 | X100: 21 | Y100: 22 | Z100: 23 | AA100: 24 | AB100: 25 | AC100: 26 | AD100: 27 | AE100: 28
A101: ‡Rjvt ‡dbx PÆMÖvg, jU bs 401, †kÖwY t 1g-5g | AC101: ZvwiL: 20.07.26
A102: µt bs | B102: Dc‡Rjv/_vbv | D102: 1g †kÖwb | G102: 2q †kÖwb | J102: 3q †kÖwb | Q102: 4_© | X102: 5g | AE102: ‡gvU eB
D103: evsjv | E103: Bs‡iwR | F103: MwYZ | G103: evsjv | H103: Bs‡iwR | I103: MwYZ | J103: evsjv | K103: Bs‡iwR | L103: MwYZ | M103: evtwek^ | N103: weÁvb | O103: Bmjvg | P103: wn›`y | Q103: evsjv | R103: Bs‡iwR | S103: MwYZ | T103: evtwek^ | U103: weÁvb | V103: Bmjvg | W103: wn›`y | X103: evsjv | Y103: Bs‡iwR | Z103: MwYZ | AA103: evtwek^ | AB103: weÁvb | AC103: Bmjvg | AD103: wn›`y
...

Sheet Secandary-7
A1: ‡Rjv:- XvKv, jU bs:- 706, †kÖbx-7g
A2: µwgK | B2: Dc‡Rjv | C2: eivÏ | D2: mßeY©v | E2: Avb›`cvV | F2: e¨vKib | G2: Bs‡iRx | H2: MÖvgvi | I2: MwbZ | J2: evtwek^ | K2: weÁvb | L2: kvt wkÿ | M2: Z_¨ | N2: Pviæ | O2: Kg© | P2: K…wl | Q2: Mvn©¨¯’ | R2: Bmjvg | S2: wn›`y | T2: wLªóvb | U2: ‡eŠÏ | V2: ms¯‹„Z | W2: mnR | X2: cvwj | Y2: msMxZ | Z2: ‡gvU eB
A3: 1 | B3: ‡`vnvi | C3: eivÏ | D3: 3750 | E3: 3750 | F3: 3750 | G3: 3750 | H3: 3750 | I3: 3750 | J3: 3750 | K3: 3750 | L3: 70 | M3: 3750 | N3: 0 | O3: 260 | P3: 2250 | Q3: 1170 | R3: 3500 | S3: 247 | T3: 3 | U3: 0 | V3: 0 | W3: 0 | X3: 0 | Y3: 0 | Z3: =SUM(D3:Y3) -> 41250
C4: ‡Wwjfvix | Y4: 0 | Z4: =SUM(D4:Y4) -> 0
A5: 2 | B5: beveMÄ | C5: eivÏ | D5: 6260 | E5: 6260 | F5: 6260 | G5: 6260 | H5: 6260 | I5: 6260 | J5: 6260 | K5: 6260 | L5: 0 | M5: 6260 | N5: 0 | O5: 0 | P5: 3720 | Q5: 2540 | R5: 4390 | S5: 1525 | T5: 320 | U5: 25 | V5: 0 | W5: 0 | X5: 0 | Y5: 200 | Z5: =SUM(D5:Y5) -> 69060
C6: ‡Wwjfvix | Y6: 0 | Z6: =SUM(D6:Y6) -> 0
A7: 3 | B7: ‡KivbxMÄ | C7: eivÏ | D7: 22000 | E7: 22000 | F7: 22000 | G7: 22000 | H7: 22000 | I7: 22000 | J7: 22000 | K7: 22000 | L7: 0 | M7: 22000 | N7: 0 | O7: 0 | P7: 13180 | Q7: 8820 | R7: 19100 | S7: 2870 | T7: 30 | U7: 0 | V7: 0 | W7: 0 | X7: 0 | Y7: 0 | Z7: =SUM(D7:Y7) -> 242000
C8: ‡Wwjfvix | Y8: 0 | Z8: =SUM(D8:Y8) -> 0
A9: 4 | B9: ‡ZRMuvI ¸`vg, | C9: eivÏ | D9: 1500 | E9: 1500 | F9: 1500 | G9: 1500 | H9: 1500 | I9: 1500 | J9: 1500 | K9: 1500 | L9: 1500 | M9: 1500 | N9: 1500 | O9: 1500 | P9: 1500 | Q9: 1500 | R9: 1500 | S9: 1500 | T9: 1500 | U9: 1500 | V9: 1500 | W9: 1500 | X9: 1500 | Y9: 1500 | Z9: =SUM(D9:Y9) -> 33000
C10: ‡Wwjfvix | Y10: 0 | Z10: =SUM(D10:Y10) -> 0
A11: ‡gvU eivÏ | D11: =D3+D5+D7+D9 -> 33510 | E11: =E3+E5+E7+E9 -> 33510 | F11: =F3+F5+F7+F9 -> 33510 | G11: =G3+G5+G7+G9 -> 33510 | H11: =H3+H5+H7+H9 -> 33510 | I11: =I3+I5+I7+I9 -> 33510 | J11: =J3+J5+J7+J9 -> 33510 | K11: =K3+K5+K7+K9 -> 33510 | ... Z11: =Z3+Z5+Z7+Z9 -> 385310
A12: ‡gvU †Wwjfvix | D12: =D4+D6+D8+D10 -> 0 | E12: =E4+E6+E8+E10 -> 0 | F12: =F4+F6+F8+F10 -> 0 | G12: =G4+G6+G8+G10 -> 0 | H12: =H4+H6+H8+H10 -> 0 | I12: =I4+I6+I8+I10 -> 0 | J12: =J4+J6+J8+J10 -> 0 | K12: =K4+K6+K8+K10 -> 0 | ... Z12: =Z4+Z6+Z8+Z10 -> 0
A13: ‡gvU evwK | D13: =D11-D12 -> 33510 | E13: =E11-E12 -> 33510 | F13: =F11-F12 -> 33510 | G13: =G11-G12 -> 33510 | H13: =H11-H12 -> 33510 | I13: =I11-I12 -> 33510 | J13: =J11-J12 -> 33510 | K13: =K11-K12 -> 33510 | ... Y13: =Y11-Y12 -> 1700 | Z13: =SUM(D13:Y13) -> 385310
A15: ‡Rjv:- biwms`x, jU bs:- 708, †kÖbx-7g
A16: µwgK | B16: Dc‡Rjv | C16: eivÏ | D16: mßeY©v | E16: Avb›`cvV | F16: e¨vKib | G16: Bs‡iRx | H16: MÖvgvi | I16: MwbZ | J16: evtwek^ | K16: weÁvb | L16: kvt wkÿ | M16: Z_¨ | N16: Pviæ | O16: Kg© | P16: K…wl | Q16: Mvn©¨¯’ | R16: Bmjvg | S16: wn›`y | T16: wLªóvb | U16: ‡eŠÏ | V16: ms¯‹„Z | W16: mnR | X16: cvwj | Y16: msMxZ | Z16: ‡gvU eB
A17: 1 | B17: m`i biwms`x | C17: eivÏ | D17: 11800 | E17: 11800 | F17: 11800 | G17: 11800 | H17: 11800 | I17: 11800 | J17: 11800 | K17: 11800 | L17: 750 | M17: 11800 | N17: 0 | O17: 0 | P17: 7050 | Q17: 4000 | R17: 10250 | S17: 1550 | T17: 0 | U17: 0 | V17: 0 | W17: 0 | X17: 0 | Y17: 0 | Z17: =SUM(D17:Y17) -> 129800
C18: ‡Wwjfvix | Z18: =SUM(D18:Y18) -> 0
A19: 2 | B19: cjvk | C19: eivÏ | D19: 3770 | E19: 3770 | F19: 3770 | G19: 3770 | H19: 3770 | I19: 3770 | J19: 3770 | K19: 3770 | L19: 0 | M19: 3770 | N19: 0 | O19: 0 | P19: 3010 | Q19: 760 | R19: 3250 | S19: 520 | T19: 5 | U19: 5 | V19: 0 | W19: 0 | X19: 0 | Y19: 0 | Z19: =SUM(D19:Y19) -> 41480
C20: ‡Wwjfvix | Z20: =SUM(D20:Y20) -> 0
A21: 3 | B21: g‡bvni`x | C21: eivÏ | D21: 5600 | E21: 5600 | F21: 5600 | G21: 5600 | H21: 5600 | I21: 5600 | J21: 5600 | K21: 5600 | L21: 0 | M21: 5600 | N21: 0 | O21: 0 | P21: 5600 | Q21: 0 | R21: 5100 | S21: 500 | T21: 0 | U21: 0 | V21: 0 | W21: 0 | X21: 0 | Y21: 0 | Z21: =SUM(D21:Y21) -> 61600
C22: ‡Wwjfvix | Z22: =SUM(D22:Y22) -> 0
A23: 4 | B23: wkecyi | C23: eivÏ | D23: 5800 | E23: 5800 | F23: 5800 | G23: 5800 | H23: 5800 | I23: 5800 | J23: 5800 | K23: 5800 | L23: 1000 | M23: 5800 | N23: 1000 | O23: 0 | P23: 3800 | Q23: 2000 | R23: 5400 | S23: 400 | T23: 0 | U23: 0 | V23: 0 | W23: 0 | X23: 0 | Y23: 0 | Z23: =SUM(D23:Y23) -> 65800
C24: ‡Wwjfvix | Z24: =SUM(D24:Y24) -> 0
A25: 5 | B25: ivqcyiv | C25: eivÏ | D25: 11500 | E25: 11500 | F25: 11500 | G25: 11500 | H25: 11500 | I25: 11500 | J25: 11500 | K25: 11500 | L25: 0 | M25: 11500 | N25: 0 | O25: 0 | P25: 9700 | Q25: 1800 | R25: 10500 | S25: 1000 | T25: 0 | U25: 0 | V25: 0 | W25: 0 | X25: 0 | Y25: 0 | Z25: =SUM(D25:Y25) -> 126500
C26: ‡Wwjfvix | Z26: =SUM(D26:Y26) -> 0
A27: 6 | B27: ‡ejv‡ev | C27: eivÏ | D27: 5900 | E27: 5900 | F27: 5900 | G27: 5900 | H27: 5900 | I27: 5900 | J27: 5900 | K27: 5990 | L27: 0 | M27: 5900 | N27: 0 | O27: 0 | P27: 5500 | Q27: 400 | R27: 5700 | S27: 200 | T27: 0 | U27: 0 | V27: 0 | W27: 0 | X27: 0 | Y27: 0 | Z27: =SUM(D27:Y27) -> 64990
C28: ‡Wwjfvix | Y28: 0 | Z28: =SUM(D28:Y28) -> 0
A29: ‡gvU eivÏ | D29: =D17+D19+D21+D23+D25+D27 -> 44370 | E29: =E17+E19+E21+E23+E25+E27 -> 44370 | F29: =F17+F19+F21+F23+F25+F27 -> 44370 | G29: =G17+G19+G21+G23+G25+G27 -> 44370 | H29: =H17+H19+H21+H23+H25+H27 -> 44370 | I29: =I17+I19+I21+I23+I25+I27 -> 44370 | J29: =J17+J19+J21+J23+J25+J27 -> 44370 | K29: =K17+K19+K21+K23+K25+K27 -> 44460 | ... Z29: =Z17+Z19+Z21+Z23+Z25+Z27 -> 490170
A30: ‡gvU †Wwjfvix | D30: =D18+D20+D22+D24+D26+D28 -> 0 | E30: =E18+E20+E22+E24+E26+E28 -> 0 | F30: =F18+F20+F22+F24+F26+F28 -> 0 | G30: =G18+G20+G22+G24+G26+G28 -> 0 | H30: =H18+H20+H22+H24+H26+H28 -> 0 | I30: =I18+I20+I22+I24+I26+I28 -> 0 | J30: =J18+J20+J22+J24+J26+J28 -> 0 | K30: =K18+K20+K22+K24+K26+K28 -> 0 | ... Z30: =Z18+Z20+Z22+Z24+Z26+Z28 -> 0
A31: ‡gvU evwK | D31: =D29-D30 -> 44370 | E31: =E29-E30 -> 44370 | F31: =F29-F30 -> 44370 | G31: =G29-G30 -> 44370 | H31: =H29-H30 -> 44370 | I31: =I29-I30 -> 44370 | J31: =J29-J30 -> 44370 | K31: =K29-K30 -> 44460 | ... Y31: =Y29-Y30 -> 0 | Z31: =SUM(D31:Y31) -> 490170
A33: ‡Rjv:- bxjdvgvix, jU bs:- 757, †kÖbx-7g
A34: µwgK | B34: Dc‡Rjv | C34: eivÏ | D34: mßeY©v | E34: Avb›`cvV | F34: e¨vKib | G34: Bs‡iRx | H34: MÖvgvi | I34: MwbZ | J34: evtwek^ | K34: weÁvb | L34: kvt wkÿ | M34: Z_¨ | N34: Pviæ | O34: Kg© | P34: K…wl | Q34: Mvn©¨¯’ | R34: Bmjvg | S34: wn›`y | T34: wLªóvb | U34: ‡eŠÏ | V34: ms¯‹„Z | W34: mnR | X34: cvwj | Y34: msMxZ | Z34: ‡gvU eB
A35: 1 | B35: bxjdvgvix m`i | C35: eivÏ | D35: 8800 | E35: 8800 | F35: 8800 | G35: 8800 | H35: 8800 | I35: 8800 | J35: 8800 | K35: 8800 | L35: 2500 | M35: 8800 | N35: 250 | O35: 0 | P35: 5550 | Q35: 500 | R35: 6300 | S35: 2470 | T35: 30 | U35: 0 | V35: 0 | W35: 0 | X35: 0 | Y35: 0 | Z35: =SUM(D35:Y35) -> 96800
C36: ‡Wwjfvix | Z36: =SUM(D36:Y36) -> 0
A37: 2 | B37: ‰mq`cyi | C37: eivÏ | D37: 6800 | E37: 6800 | F37: 6800 | G37: 6800 | H37: 6800 | I37: 6800 | J37: 6800 | K37: 6800 | L37: 1900 | M37: 6800 | N37: 100 | O37: 800 | P37: 3900 | Q37: 100 | R37: 5900 | S37: 800 | T37: 90 | U37: 10 | V37: 0 | W37: 0 | X37: 0 | Y37: 0 | Z37: =SUM(D37:Y37) -> 74800
C38: ‡Wwjfvix | Z38: =SUM(D38:Y38) -> 0
A39: 3 | B39: ‡Wvgvvi | C39: eivÏ | D39: 4800 | E39: 4800 | F39: 4800 | G39: 4800 | H39: 4800 | I39: 4800 | J39: 4800 | K39: 4800 | L39: 680 | M39: 4800 | N39: 100 | O39: 0 | P39: 3630 | Q39: 425 | R39: 3630 | S39: 1170 | T39: 0 | U39: 0 | V39: 0 | W39: 0 | X39: 0 | Y39: 0 | Z39: =SUM(D39:Y39) -> 52835
C40: ‡Wwjfvix | Z40: =SUM(D40:Y40) -> 0
A41: 4 | B41: wWgjv | C41: eivÏ | D41: 6500 | E41: 6500 | F41: 6500 | G41: 6500 | H41: 6500 | I41: 6500 | J41: 6500 | K41: 6500 | L41: 2500 | M41: 6500 | N41: 0 | O41: 0 | P41: 4000 | Q41: 0 | R41: 5300 | S41: 1200 | T41: 0 | U41: 0 | V41: 0 | W41: 0 | X41: 0 | Y41: 0 | Z41: =SUM(D41:Y41) -> 71500
C42: ‡Wwjfvix | Z42: =SUM(D42:Y42) -> 0
A43: 5 | B43: RjXvKv | C43: eivÏ | D43: 6950 | E43: 6950 | F43: 6950 | G43: 6950 | H43: 6950 | I43: 6950 | J43: 6950 | K43: 6950 | L43: 0 | M43: 6950 | N43: 0 | O43: 0 | P43: 6700 | Q43: 250 | R43: 5140 | S43: 1800 | T43: 5 | U43: 5 | V43: 0 | W43: 0 | X43: 0 | Y43: 0 | Z43: =SUM(D43:Y43) -> 76450
C44: ‡Wwjfvix | Z44: =SUM(D44:Y44) -> 0
A45: 6 | B45: wK‡kviMÄ | C45: eivÏ | D45: 4300 | E45: 4300 | F45: 4300 | G45: 4300 | H45: 4300 | I45: 4300 | J45: 4300 | K45: 4300 | L45: 0 | M45: 4300 | N45: 0 | O45: 0 | P45: 4000 | Q45: 300 | R45: 3150 | S45: 1100 | T45: 50 | U45: 0 | V45: 0 | W45: 0 | X45: 0 | Y45: 0 | Z45: =SUM(D45:Y45) -> 47300
C46: ‡Wwjfvix | Z46: =SUM(D46:Y46) -> 0
A47: ‡gvU eivÏ | D47: =D35+D37+D39+D41+D43+D45 -> 38150 | E47: =E35+E37+E39+E41+E43+E45 -> 38150 | F47: =F35+F37+F39+F41+F43+F45 -> 38150 | G47: =G35+G37+G39+G41+G43+G45 -> 38150 | H47: =H35+H37+H39+H41+H43+H45 -> 38150 | I47: =I35+I37+I39+I41+I43+I45 -> 38150 | J47: =J35+J37+J39+J41+J43+J45 -> 38150 | K47: =K35+K37+K39+K41+K43+K45 -> 38150 | ... Z47: =Z35+Z37+Z39+Z41+Z43+Z45 -> 419685
A48: ‡gvU †Wwjfvix | D48: =D36+D38+D40+D42+D44+D46 -> 0 | E48: =E36+E38+E40+E42+E44+E46 -> 0 | F48: =F36+F38+F40+F42+F44+F46 -> 0 | G48: =G36+G38+G40+G42+G44+G46 -> 0 | H48: =H36+H38+H40+H42+H44+H46 -> 0 | I48: =I36+I38+I40+I42+I44+I46 -> 0 | J48: =J36+J38+J40+J42+J44+J46 -> 0 | K48: =K36+K38+K40+K42+K44+K46 -> 0 | ... Z48: =Z36+Z38+Z40+Z42+Z44+Z46 -> 0
A49: ‡gvU evwK | D49: =D47-D48 -> 38150 | E49: =E47-E48 -> 38150 | F49: =F47-F48 -> 38150 | G49: =G47-G48 -> 38150 | H49: =H47-H48 -> 38150 | I49: =I47-I48 -> 38150 | J49: =J47-J48 -> 38150 | K49: =K47-K48 -> 38150 | ... Y49: =Y47-Y48 -> 0 | Z49: =SUM(D49:Y49) -> 419685
A51: ‡Rjv:- Lyjbv-ev‡MinvU, jU bs:- 759, †kÖbx-7g
A52: µwgK | B52: Dc‡Rjv | C52: eivÏ | D52: mßeY©v | E52: Avb›`cvV | F52: e¨vKib | G52: Bs‡iRx | H52: MÖvgvi | I52: MwbZ | J52: evtwek^ | K52: weÁvb | L52: kvt wkÿ | M52: Z_¨ | N52: Pviæ | O52: Kg© | P52: K…wl | Q52: Mvn©¨¯’ | R52: Bmjvg | S52: wn›`y | T52: wLªóvb | U52: ‡eŠÏ | V52: ms¯‹„Z | W52: mnR | X52: cvwj | Y52: msMxZ | Z52: ‡gvU eB
A53: 1 | B53: ‡Kv‡Zvqvjx | C53: eivÏ | D53: 6800 | E53: 6800 | F53: 6800 | G53: 6800 | H53: 6800 | I53: 6800 | J53: 6800 | K53: 6800 | L53: 0 | M53: 6800 | N53: 0 | O53: 0 | P53: 4010 | Q53: 2790 | R53: 5270 | S53: 1180 | T53: 315 | U53: 35 | V53: 0 | W53: 0 | X53: 0 | Y53: 0 | Z53: =SUM(D53:Y53) -> 74800
C54: ‡Wwjfvix | Z54: =SUM(D54:Y54) -> 0
A55: 2 | B55: ‡ZiLv`v | C55: eivÏ | D55: 1610 | E55: 1610 | F55: 1610 | G55: 1610 | H55: 1610 | I55: 1610 | J55: 1610 | K55: 1610 | L55: 0 | M55: 1610 | N55: 0 | O55: 0 | P55: 1320 | Q55: 290 | R55: 1225 | S55: 385 | T55: 0 | U55: 0 | V55: 0 | W55: 0 | X55: 0 | Y55: 0 | Z55: =SUM(D55:Y55) -> 17710
C56: ‡Wwjfvix | Z56: =SUM(D56:Y56) -> 0
A57: 3 | B57: iæcmv | C57: eivÏ | D57: 2300 | E57: 2300 | F57: 2300 | G57: 2300 | H57: 2300 | I57: 2300 | J57: 2300 | K57: 2300 | L57: 730 | M57: 2300 | N57: 10 | O57: 0 | P57: 1470 | Q57: 90 | R57: 1801 | S57: 484 | T57: 15 | U57: 0 | V57: 0 | W57: 0 | X57: 0 | Y57: 0 | Z57: =SUM(D57:Y57) -> 25300
C58: ‡Wwjfvix | Z58: =SUM(D58:Y58) -> 0
A59: 4 | B59: cvBKMvQv | C59: eivÏ | D59: 3700 | E59: 3700 | F59: 3700 | G59: 3700 | H59: 3700 | I59: 3700 | J59: 3700 | K59: 3700 | L59: 0 | M59: 3700 | N59: 0 | O59: 0 | P59: 3200 | Q59: 500 | R59: 2000 | S59: 1600 | T59: 100 | U59: 0 | V59: 0 | W59: 0 | X59: 0 | Y59: 0 | Z59: =SUM(D59:Y59) -> 40700
C60: ‡Wwjfvix | Z60: =SUM(D60:Y60) -> 0
A61: 5 | B61: Kqiv | C61: eivÏ | D61: 2400 | E61: 2400 | F61: 2400 | G61: 2400 | H61: 2400 | I61: 2400 | J61: 2400 | K61: 2400 | L61: 90 | M61: 2400 | N61: 50 | O61: 0 | P61: 2200 | Q61: 60 | R61: 1600 | S61: 780 | T61: 20 | U61: 0 | V61: 0 | W61: 0 | X61: 0 | Y61: 0 | Z61: =SUM(D61:Y61) -> 26400
C62: ‡Wwjfvix | Z62: =SUM(D62:Y62) -> 0
A63: 6 | B63: dzjZjv | C63: eivÏ | D63: 1763 | E63: 1763 | F63: 1763 | G63: 1763 | H63: 1763 | I63: 1763 | J63: 1763 | K63: 1763 | L63: 0 | M63: 1763 | N63: 100 | O63: 0 | P63: 1513 | Q63: 250 | R63: 1489 | S63: 269 | T63: 5 | U63: 0 | V63: 0 | W63: 0 | X63: 0 | Y63: 0 | Z63: =SUM(D63:Y63) -> 19493
C64: ‡Wwjfvix | Z64: =SUM(D64:Y64) -> 0
A65: 7 | B65: Wzgywiqv | C65: eivÏ | D65: 4000 | E65: 4000 | F65: 4000 | G65: 4000 | H65: 4000 | I65: 4000 | J65: 4000 | K65: 4000 | L65: 0 | M65: 4000 | N65: 0 | O65: 0 | P65: 3800 | Q65: 200 | R65: 2200 | S65: 1750 | T65: 50 | U65: 0 | V65: 0 | W65: 0 | X65: 0 | Y65: 0 | Z65: =SUM(D65:Y65) -> 44000
C66: ‡Wwjfvix | Z66: =SUM(D66:Y66) -> 0
A67: 8 | B67: w`Nwjqv | C67: eivÏ | D67: 1450 | E67: 1450 | F67: 1450 | G67: 1450 | H67: 1450 | I67: 1450 | J67: 1450 | K67: 1450 | L67: 0 | M67: 1450 | N67: 0 | O67: 0 | P67: 1340 | Q67: 110 | R67: 1190 | S67: 250 | T67: 10 | U67: 0 | V67: 0 | W67: 0 | X67: 0 | Y67: 0 | Z67: =SUM(D67:Y67) -> 15950
C68: ‡Wwjfvix | Z68: =SUM(D68:Y68) -> 0
A69: 9 | B69: `v‡Kvcv | C69: eivÏ | D69: 1900 | E69: 1900 | F69: 1900 | G69: 1900 | H69: 1900 | I69: 1900 | J69: 1900 | K69: 1900 | L69: 300 | M69: 1900 | N69: 200 | O69: 0 | P69: 1400 | Q69: 0 | R69: 700 | S69: 1100 | T69: 100 | U69: 0 | V69: 0 | W69: 0 | X69: 0 | Y69: 0 | Z69: =SUM(D69:Y69) -> 20900
C70: ‡Wwjfvix | Z70: =SUM(D70:Y70) -> 0
A71: 10 | B71: ewUqvNvUv | C71: eivÏ | D71: 2150 | E71: 2150 | F71: 2150 | G71: 2150 | H71: 2150 | I71: 2150 | J71: 2150 | K71: 2150 | L71: 200 | M71: 2150 | N71: 50 | O71: 0 | P71: 1750 | Q71: 150 | R71: 1275 | S71: 850 | T71: 25 | U71: 0 | V71: 0 | W71: 0 | X71: 0 | Y71: 0 | Z71: =SUM(D71:Y71) -> 23650
C72: ‡Wwjfvix | Z72: =SUM(D72:Y72) -> 0
A73: 11 | B73: LvbRvnvb Avjx | C73: eivÏ | D73: 5200 | E73: 5200 | F73: 5200 | G73: 5200 | H73: 5200 | I73: 5200 | J73: 5200 | K73: 5200 | L73: 0 | M73: 5200 | N73: 0 | O73: 0 | P73: 4450 | Q73: 750 | R73: 4482 | S73: 580 | T73: 140 | U73: 10 | V73: 0 | W73: 0 | X73: 0 | Y73: 0 | Z73: =SUM(D73:Y73) -> 57212
C74: ‡Wwjfvix | Z74: =SUM(D74:Y74) -> 0
A75: 12 | B75: ev‡MinvU m`i | C75: eivÏ | D75: 3850 | E75: 3850 | F75: 3850 | G75: 3850 | H75: 3850 | I75: 3850 | J75: 3850 | K75: 3850 | L75: 390 | M75: 3850 | N75: 172 | O75: 0 | P75: 2888 | Q75: 400 | R75: 3025 | S75: 804 | T75: 21 | U75: 0 | V75: 0 | W75: 0 | X75: 0 | Y75: 0 | Z75: =SUM(D75:Y75) -> 42350
C76: ‡Wwjfvix | Z76: =SUM(D76:Y76) -> 0
A77: 13 | B77: dwKinvU | C77: eivÏ | D77: 2150 | E77: 2150 | F77: 2150 | G77: 2150 | H77: 2150 | I77: 2150 | J77: 2150 | K77: 2150 | L77: 0 | M77: 2150 | N77: 0 | O77: 0 | P77: 1990 | Q77: 160 | R77: 1520 | S77: 630 | T77: 0 | U77: 0 | V77: 0 | W77: 0 | X77: 0 | Y77: 0 | Z77: =SUM(D77:Y77) -> 23650
C78: ‡Wwjfvix | Z78: =SUM(D78:Y78) -> 0
A79: 14 | B79: kiY‡Lvjv | C79: eivÏ | D79: 1400 | E79: 1400 | F79: 1400 | G79: 1400 | H79: 1400 | I79: 1400 | J79: 1400 | K79: 1400 | L79: 300 | M79: 1400 | N79: 75 | O79: 0 | P79: 1025 | Q79: 0 | R79: 1200 | S79: 200 | T79: 0 | U79: 0 | V79: 0 | W79: 0 | X79: 0 | Y79: 0 | Z79: =SUM(D79:Y79) -> 15400
C80: ‡Wwjfvix | Z80: =SUM(D80:Y80) -> 0
A81: 15 | B81: ivgcvj | C81: eivÏ | D81: 2200 | E81: 2200 | F81: 2200 | G81: 2200 | H81: 2200 | I81: 2200 | J81: 2200 | K81: 2200 | L81: 0 | M81: 2200 | N81: 0 | O81: 0 | P81: 2200 | Q81: 0 | R81: 1595 | S81: 580 | T81: 25 | U81: 0 | V81: 0 | W81: 0 | X81: 0 | Y81: 0 | Z81: =SUM(D81:Y81) -> 24200
C82: ‡Wwjfvix | Z82: =SUM(D82:Y82) -> 0
A83: 16 | B83: ‡gvojMÄ | C83: eivÏ | D83: 4000 | E83: 4000 | F83: 4000 | G83: 4000 | H83: 4000 | I83: 4000 | J83: 4000 | K83: 4000 | L83: 4000 | M83: 4000 | N83: 0 | O83: 0 | P83: 0 | Q83: 0 | R83: 3440 | S83: 560 | T83: 2 | U83: 0 | V83: 0 | W83: 0 | X83: 0 | Y83: 0 | Z83: =SUM(D83:Y83) -> 44002
C84: ‡Wwjfvix | Z84: =SUM(D84:Y84) -> 0
A85: 17 | B85: ‡gvsjv | C85: eivÏ | D85: 1650 | E85: 1650 | F85: 1650 | G85: 1650 | H85: 1650 | I85: 1650 | J85: 1650 | K85: 1650 | L85: 280 | M85: 1650 | N85: 0 | O85: 0 | P85: 1120 | Q85: 250 | R85: 1120 | S85: 440 | T85: 90 | U85: 0 | V85: 0 | W85: 0 | X85: 0 | Y85: 0 | Z85: =SUM(D85:Y85) -> 18150
C86: ‡Wwjfvix | Z86: =SUM(D86:Y86) -> 0
A87: 18 | B87: ‡gvjøvnvU | C87: eivÏ | D87: 2050 | E87: 2050 | F87: 2050 | G87: 2050 | H87: 2050 | I87: 2050 | J87: 2050 | K87: 2050 | L87: 0 | M87: 2050 | N87: 0 | O87: 0 | P87: 1950 | Q87: 100 | R87: 1350 | S87: 690 | T87: 10 | U87: 0 | V87: 0 | W87: 0 | X87: 0 | Y87: 0 | Z87: =SUM(D87:Y87) -> 22550
C88: ‡Wwjfvix | Z88: =SUM(D88:Y88) -> 0
A89: 19 | B89: KPzqv | C89: eivÏ | D89: 1120 | E89: 1120 | F89: 1120 | G89: 1120 | H89: 1120 | I89: 1120 | J89: 1120 | K89: 1120 | L89: 300 | M89: 1120 | N89: 60 | O89: 0 | P89: 640 | Q89: 120 | R89: 840 | S89: 280 | T89: 0 | U89: 0 | V89: 0 | W89: 0 | X89: 0 | Y89: 0 | Z89: =SUM(D89:Y89) -> 12320
C90: ‡Wwjfvix | Z90: =SUM(D90:Y90) -> 0
A91: 20 | B91: wPZjgvix | C91: eivÏ | D91: 1900 | E91: 1900 | F91: 1900 | G91: 1900 | H91: 1900 | I91: 1900 | J91: 1900 | K91: 1900 | L91: 0 | M91: 1900 | N91: 0 | O91: 0 | P91: 1750 | Q91: 150 | R91: 1130 | S91: 770 | T91: 0 | U91: 0 | V91: 0 | W91: 0 | X91: 0 | Y91: 0 | Z91: =SUM(D91:Y91) -> 20900
C92: ‡Wwjfvix | Z92: =SUM(D92:Y92) -> 0
A93: ‡gvU eivÏ | D93: =D53+D55+D57+D59+D61+D63+D65+D67+D69+D71+D73+D75+D77+D79+D81+D83+D85+D87+D89+D91 -> 53593 | E93: =E53+E55+E57+E59+E61+E63+E65+E67+E69+E71+E73+E75+E77+E79+E81+E83+E85+E87+E89+E91 -> 53593 | F93: =F53+F55+F57+F59+F61+F63+F65+F67+F69+F71+F73+F75+F77+F79+F81+F83+F85+F87+F89+F91 -> 53593 | G93: =G53+G55+G57+G59+G61+G63+G65+G67+G69+G71+G73+G75+G77+G79+G81+G83+G85+G87+G89+G91 -> 53593 | H93: =H53+H55+H57+H59+H61+H63+H65+H67+H69+H71+H73+H75+H77+H79+H81+H83+H85+H87+H89+H91 -> 53593 | I93: =I53+I55+I57+I59+I61+I63+I65+I67+I69+I71+I73+I75+I77+I79+I81+I83+I85+I87+I89+I91 -> 53593 | J93: =J53+J55+J57+J59+J61+J63+J65+J67+J69+J71+J73+J75+J77+J79+J81+J83+J85+J87+J89+J91 -> 53593 | K93: =K53+K55+K57+K59+K61+K63+K65+K67+K69+K71+K73+K75+K77+K79+K81+K83+K85+K87+K89+K91 -> 53593 | ... Z93: =Z53+Z55+Z57+Z59+Z61+Z63+Z65+Z67+Z69+Z71+Z73+Z75+Z77+Z79+Z81+Z83+Z85+Z87+Z89+Z91 -> 589637
A94: ‡gvU †Wwjfvix | D94: =D54+D56+D58+D60+D62+D64+D66+D68+D70+D72+D74+D76+D78+D80+D82+D84+D86+D88+D90+D92 -> 0 | E94: =E54+E56+E58+E60+E62+E64+E66+E68+E70+E72+E74+E76+E78+E80+E82+E84+E86+E88+E90+E92 -> 0 | F94: =F54+F56+F58+F60+F62+F64+F66+F68+F70+F72+F74+F76+F78+F80+F82+F84+F86+F88+F90+F92 -> 0 | G94: =G54+G56+G58+G60+G62+G64+G66+G68+G70+G72+G74+G76+G78+G80+G82+G84+G86+G88+G90+G92 -> 0 | H94: =H54+H56+H58+H60+H62+H64+H66+H68+H70+H72+H74+H76+H78+H80+H82+H84+H86+H88+H90+H92 -> 0 | I94: =I54+I56+I58+I60+I62+I64+I66+I68+I70+I72+I74+I76+I78+I80+I82+I84+I86+I88+I90+I92 -> 0 | J94: =J54+J56+J58+J60+J62+J64+J66+J68+J70+J72+J74+J76+J78+J80+J82+J84+J86+J88+J90+J92 -> 0 | K94: =K54+K56+K58+K60+K62+K64+K66+K68+K70+K72+K74+K76+K78+K80+K82+K84+K86+K88+K90+K92 -> 0 | ... Z94: =Z54+Z56+Z58+Z60+Z62+Z64+Z66+Z68+Z70+Z72+Z74+Z76+Z78+Z80+Z82+Z84+Z86+Z88+Z90+Z92 -> 0
A95: ‡gvU evwK | D95: =D93-D94 -> 53593 | E95: =E93-E94 -> 53593 | F95: =F93-F94 -> 53593 | G95: =G93-G94 -> 53593 | H95: =H93-H94 -> 53593 | I95: =I93-I94 -> 53593 | J95: =J93-J94 -> 53593 | K95: =K93-K94 -> 53593 | ... Y95: =Y93-Y94 -> 0 | Z95: =SUM(D95:Y95) -> 589637
A97: ‡Rjv:- bovBj, gv¸iv, jU bs:- 762, †kÖbx-7g
A98: µwgK | B98: Dc‡Rjv | C98: eivÏ | D98: mßeY©v | E98: Avb›`cvV | F98: e¨vKib | G98: Bs‡iRx | H98: MÖvgvi | I98: MwbZ | J98: evtwek^ | K98: weÁvb | L98: kvt wkÿ | M98: Z_¨ | N98: Pviæ | O98: Kg© | P98: K…wl | Q98: Mvn©¨¯’ | R98: Bmjvg | S98: wn›`y | T98: wLªóvb | U98: ‡eŠÏ | V98: ms¯‹„Z | W98: mnR | X98: cvwj | Y98: msMxZ | Z98: ‡gvU eB
A99: 1 | B99: bovBj m`i | C99: eivÏ | D99: 5800 | E99: 5800 | F99: 5800 | G99: 5800 | H99: 5800 | I99: 5800 | J99: 5800 | K99: 5800 | L99: 2100 | M99: 5800 | N99: 0 | O99: 0 | P99: 3700 | Q99: 60 | R99: 3800 | S99: 1975 | T99: 25 | U99: 0 | V99: 0 | W99: 0 | X99: 0 | Y99: 0 | Z99: =SUM(D99:Y99) -> 63860
C100: ‡Wwjfvix | Z100: =SUM(D100:Y100) -> 0
A101: 2 | B101: ‡jvnvMov | C101: eivÏ | D101: 4350 | E101: 4350 | F101: 4350 | G101: 4350 | H101: 4350 | I101: 4350 | J101: 4350 | K101: 4350 | L101: 0 | M101: 4350 | N101: 0 | O101: 0 | P101: 4350 | Q101: 0 | R101: 3770 | S101: 560 | T101: 0 | U101: 0 | V101: 0 | W101: 0 | X101: 0 | Y101: 0 | Z101: =SUM(D101:Y101) -> 47830
C102: ‡Wwjfvix | Z102: =SUM(D102:Y102) -> 0
A103: 3 | B103: Kvwjqv | C103: eivÏ | D103: 3100 | E103: 3100 | F103: 3100 | G103: 3100 | H103: 3100 | I103: 3100 | J103: 3100 | K103: 3100 | L103: 0 | M103: 3100 | N103: 0 | O103: 0 | P103: 2750 | Q103: 350 | R103: 2550 | S103: 545 | T103: 5 | U103: 0 | V103: 0 | W103: 0 | X103: 0 | Y103: 0 | Z103: =SUM(D103:Y103) -> 34100
C104: ‡Wwjfvix | Z104: =SUM(D104:Y104) -> 0
...

Sheet Nine-Ten(Bangla)
A1: ‡Rjv-MvRxcyi, jU-926, 9g- mvwnZ¨
A2: µ | B2: Dc‡Rjv/_vbv | D2: evsjv | E2: Bs‡iRx | F2: MwYZ | G2: Bmjvg | H2: wn›`y | I2: wLªóvY© | J2: ‡eŠ× | K2: f‚‡Mvj | L2: ‡cŠibxwZ | M2: ev:BwZnvm | N2: A_©bxwZ | O2: wnmve we | P2: msMxZ | Q2: mwPÎ | R2: ms¯‹…Z | S2: cwj | T2: ‡gvU
A3: 1 | B3: MvRxcyi m`i | C3: eivÏ | D3: 55600 | E3: 55600 | F3: 55600 | G3: 51300 | H3: 3700 | I3: 500 | J3: 100 | K3: 14000 | L3: 12500 | M3: 14000 | N3: 1500 | O3: 18000 | P3: 0 | Q3: 0 | R3: 0 | S3: 0 | T3: =SUM(D3:S3) -> 282400
C4: ‡Wwjfvix | T4: =SUM(D4:S4) -> 0
A5: 2 | B5: KvjxMÄ | C5: eivÏ | D5: 4142 | E5: 4142 | F5: 4142 | G5: 3000 | H5: 710 | I5: 422 | J5: 10 | K5: 1675 | L5: 1475 | M5: 1675 | N5: 200 | O5: 1472 | P5: 0 | Q5: 0 | R5: 0 | S5: 0 | T5: =SUM(D5:S5) -> 23065
C6: ‡Wwjfvix | T6: =SUM(D6:S6) -> 0
A7: ‡gvU eivÏ | D7: =D3+D5 -> 59742 | E7: =E3+E5 -> 59742 | F7: =F3+F5 -> 59742 | G7: =G3+G5 -> 54300 | H7: =H3+H5 -> 4410 | I7: =I3+I5 -> 922 | J7: =J3+J5 -> 110 | K7: =K3+K5 -> 15675 | ... T7: =T3+T5 -> 305465
A8: ‡gvU †Wwjfvix | D8: =D4+D6 -> 0 | E8: =E4+E6 -> 0 | F8: =F4+F6 -> 0 | G8: =G4+G6 -> 0 | H8: =H4+H6 -> 0 | I8: =I4+I6 -> 0 | J8: =J4+J6 -> 0 | K8: =K4+K6 -> 0 | ... T8: =T4+T6 -> 0
A9: ‡Wwjfvix evKx | D9: =D7-D8 -> 59742 | E9: =E7-E8 -> 59742 | F9: =F7-F8 -> 59742 | G9: =G7-G8 -> 54300 | H9: =H7-H8 -> 4410 | I9: =I7-I8 -> 922 | J9: =J7-J8 -> 110 | K9: =K7-K8 -> 15675 | ... T9: =T7-T8 -> 305465
A11: ‡Rjv-PÆMÖvg, jU-938, 9g- mvwnZ¨
A12: µ | B12: Dc‡Rjv/_vbv | D12: evsjv | E12: Bs‡iRx | F12: MwYZ | G12: Bmjvg | H12: wn›`y | I12: wLªóvY© | J12: ‡eŠ× | K12: f‚‡Mvj | L12: ‡cŠibxwZ | M12: ev:BwZnvm | N12: A_©bxwZ | O12: wnmve we | P12: msMxZ | Q12: mwPÎ | R12: ms¯‹…Z | S12: cwj | T12: ‡gvU
A13: 1 | B13: KY©dzjx | C13: eivÏ | D13: 2800 | E13: 2800 | F13: 2800 | G13: 2500 | H13: 250 | I13: 30 | J13: 20 | K13: 650 | L13: 650 | M13: 650 | N13: 150 | O13: 1500 | P13: 0 | Q13: 0 | R13: 0 | S13: 0 | T13: =SUM(D13:S13) -> 14800
C14: ‡Wwjfvix | T14: =SUM(D14:S14) -> 0
A15: 2 | B15: P›`bvBk | C15: eivÏ | D15: 4600 | E15: 4600 | F15: 4600 | G15: 3600 | H15: 750 | I15: 5 | J15: 250 | K15: 1400 | L15: 1200 | M15: 1400 | N15: 300 | O15: 2700 | P15: 0 | Q15: 0 | R15: 0 | S15: 0 | T15: =SUM(D15:S15) -> 25405
C16: ‡Wwjfvix | T16: =SUM(D16:S16) -> 0
A17: 3 | B17: cwUqv | C17: eivÏ | D17: 8750 | E17: 8750 | F17: 8750 | G17: 6500 | H17: 2500 | I17: 5 | J17: 100 | K17: 2500 | L17: 2200 | M17: 2500 | N17: 300 | O17: 4500 | P17: 0 | Q17: 0 | R17: 0 | S17: 0 | T17: =SUM(D17:S17) -> 47355
C18: ‡Wwjfvix | T18: =SUM(D18:S18) -> 0
A19: 4 | B19: ev‡qvRx` | C19: eivÏ | D19: 8100 | E19: 8100 | F19: 8100 | G19: 5600 | H19: 1800 | I19: 300 | J19: 400 | K19: 3300 | L19: 3300 | M19: 3300 | N19: 2800 | O19: 2800 | P19: 0 | Q19: 0 | R19: 0 | S19: 0 | T19: =SUM(D19:S19) -> 47900
C20: ‡Wwjfvix | T20: =SUM(D20:S20) -> 0
A21: 5 | B21: cvnvoZjx | C21: eivÏ | D21: 8500 | E21: 8500 | F21: 8500 | G21: 6700 | H21: 1500 | I21: 200 | J21: 200 | K21: 1500 | L21: 1500 | M21: 1500 | N21: 1500 | O21: 4500 | P21: 0 | Q21: 0 | R21: 0 | S21: 0 | T21: =SUM(D21:S21) -> 44600
C22: ‡Wwjfvix | T22: =SUM(D22:S22) -> 0
A23: 6 | B23: gximivB | C23: eivÏ | D23: 9700 | E23: 9700 | F23: 9700 | G23: 7400 | H23: 2000 | I23: 50 | J23: 350 | K23: 3500 | L23: 3500 | M23: 3500 | N23: 500 | O23: 4400 | P23: 0 | Q23: 0 | R23: 0 | S23: 0 | T23: =SUM(D23:S23) -> 54300
C24: ‡Wwjfvix | T24: =SUM(D24:S24) -> 0
A25: 7 | B25: dwUKQwo | C25: eivÏ | D25: 8600 | E25: 8600 | F25: 8600 | G25: 7145 | H25: 1100 | I25: 5 | J25: 350 | K25: 3900 | L25: 3650 | M25: 3900 | N25: 250 | O25: 3200 | P25: 0 | Q25: 0 | R25: 0 | S25: 0 | T25: =SUM(D25:S25) -> 49300
C26: ‡Wwjfvix | T26: =SUM(D26:S26) -> 0
A27: 8 | B27: evukLvjx | C27: eivÏ | D27: 6500 | E27: 6500 | F27: 6500 | G27: 5290 | H27: 1130 | I27: 0 | J27: 80 | K27: 3300 | L27: 3050 | M27: 3300 | N27: 250 | O27: 2000 | P27: 0 | Q27: 0 | R27: 0 | S27: 0 | T27: =SUM(D27:S27) -> 37900
C28: ‡Wwjfvix | T28: =SUM(D28:S28) -> 0
A29: 9 | B29: ‡evqvjLvjx | C29: eivÏ | D29: 4400 | E29: 4400 | F29: 4400 | G29: 3600 | H29: 1000 | I29: 20 | J29: 200 | K29: 1500 | L29: 1500 | M29: 1500 | N29: 100 | O29: 2200 | P29: 0 | Q29: 0 | R29: 0 | S29: 0 | T29: =SUM(D29:S29) -> 24820
C30: ‡Wwjfvix | T30: =SUM(D30:S30) -> 0
A31: ‡gvU eivÏ | D31: =D13+D15+D17+D19+D21+D23+D25+D27+D29 -> 61950 | E31: =E13+E15+E17+E19+E21+E23+E25+E27+E29 -> 61950 | F31: =F13+F15+F17+F19+F21+F23+F25+F27+F29 -> 61950 | G31: =G13+G15+G17+G19+G21+G23+G25+G27+G29 -> 48335 | H31: =H13+H15+H17+H19+H21+H23+H25+H27+H29 -> 12030 | I31: =I13+I15+I17+I19+I21+I23+I25+I27+I29 -> 615 | J31: =J13+J15+J17+J19+J21+J23+J25+J27+J29 -> 1950 | K31: =K13+K15+K17+K19+K21+K23+K25+K27+K29 -> 21550 | ... T31: =T13+T15+T17+T19+T21+T23+T25+T27+T29 -> 346380
A32: ‡gvU †Wwjfvix | D32: =D14+D16+D18+D20+D22+D24+D26+D28+D30 -> 0 | E32: =E14+E16+E18+E20+E22+E24+E26+E28+E30 -> 0 | F32: =F14+F16+F18+F20+F22+F24+F26+F28+F30 -> 0 | G32: =G14+G16+G18+G20+G22+G24+G26+G28+G30 -> 0 | H32: =H14+H16+H18+H20+H22+H24+H26+H28+H30 -> 0 | I32: =I14+I16+I18+I20+I22+I24+I26+I28+I30 -> 0 | J32: =J14+J16+J18+J20+J22+J24+J26+J28+J30 -> 0 | K32: =K14+K16+K18+K20+K22+K24+K26+K28+K30 -> 0 | ... T32: =T14+T16+T18+T20+T22+T24+T26+T28+T30 -> 0
A33: ‡Wwjfvix evKx | D33: =D31-D32 -> 61950 | E33: =E31-E32 -> 61950 | F33: =F31-F32 -> 61950 | G33: =G31-G32 -> 48335 | H33: =H31-H32 -> 12030 | I33: =I31-I32 -> 615 | J33: =J31-J32 -> 1950 | K33: =K31-K32 -> 21550 | ... T33: =T31-T32 -> 346380
A35: ‡Rjv-bv‡Uvi-PvucvBbeveMÄ, jU-953, 9g- mvwnZ¨
A36: µ | B36: Dc‡Rjv/_vbv | D36: evsjv | E36: Bs‡iRx | F36: MwYZ | G36: Bmjvg | H36: wn›`y | I36: wLªóvY© | J36: ‡eŠ× | K36: f‚‡Mvj | L36: ‡cŠibxwZ | M36: ev:BwZnvm | N36: A_©bxwZ | O36: wnmve we | P36: msMxZ | Q36: mwPÎ | R36: ms¯‹…Z | S36: cwj | T36: ‡gvU
A37: 1 | B37: bv‡Uvi m`i | C37: eivÏ | D37: 5350 | E37: 5350 | F37: 5350 | G37: 4550 | H37: 700 | I37: 100 | J37: 0 | K37: 3021 | L37: 1671 | M37: 3021 | N37: 1350 | O37: 374 | P37: 0 | Q37: 0 | R37: 0 | S37: 0 | T37: =SUM(D37:S37) -> 30837
C38: ‡Wwjfvix | T38: =SUM(D38:S38) -> 0
A39: 2 | B39: wmsov | C39: eivÏ | D39: 4200 | E39: 4200 | F39: 4200 | G39: 3500 | H39: 700 | I39: 0 | J39: 0 | K39: 2800 | L39: 2200 | M39: 2800 | N39: 800 | O39: 250 | P39: 0 | Q39: 0 | R39: 0 | S39: 0 | T39: =SUM(D39:S39) -> 25650
C40: ‡Wwjfvix | T40: =SUM(D40:S40) -> 0
A41: 3 | B41: ¸iæ`vmcyi | C41: eivÏ | D41: 2800 | E41: 2800 | F41: 2800 | G41: 2550 | H41: 250 | I41: 0 | J41: 0 | K41: 2000 | L41: 1200 | M41: 2000 | N41: 900 | O41: 150 | P41: 0 | Q41: 0 | R41: 0 | S41: 0 | T41: =SUM(D41:S41) -> 17450
C42: ‡Wwjfvix | T42: =SUM(D42:S42) -> 0
A43: 4 | B43: bjWv½v | C43: eivÏ | D43: 1720 | E43: 1720 | F43: 1720 | G43: 1580 | H43: 132 | I43: 8 | J43: 0 | K43: 1170 | L43: 850 | M43: 1170 | N43: 360 | O43: 80 | P43: 0 | Q43: 0 | R43: 0 | S43: 0 | T43: =SUM(D43:S43) -> 10510
C44: ‡Wwjfvix | T44: =SUM(D44:S44) -> 0
A45: 5 | B45: eovBMÖvg | C45: eivÏ | D45: 4960 | E45: 4960 | F45: 4960 | G45: 4437 | H45: 303 | I45: 220 | J45: 0 | K45: 2880 | L45: 858 | M45: 2880 | N45: 2287 | O45: 525 | P45: 0 | Q45: 0 | R45: 0 | S45: 0 | T45: =SUM(D45:S45) -> 29270
C46: ‡Wwjfvix | T46: =SUM(D46:S46) -> 0
A47: 6 | B47: jvjcyi | C47: eivÏ | D47: 4200 | E47: 4200 | F47: 4200 | G47: 3700 | H47: 490 | I47: 10 | J47: 0 | K47: 2600 | L47: 1800 | M47: 2600 | N47: 800 | O47: 300 | P47: 0 | Q47: 0 | R47: 0 | S47: 0 | T47: =SUM(D47:S47) -> 24900
C48: ‡Wwjfvix | T48: =SUM(D48:S48) -> 0
A49: 7 | B49: evMvwZcvov | C49: eivÏ | D49: 2400 | E49: 2400 | F49: 2400 | G49: 2200 | H49: 185 | I49: 15 | J49: 0 | K49: 1069 | L49: 550 | M49: 1069 | N49: 529 | O49: 75 | P49: 0 | Q49: 0 | R49: 0 | S49: 0 | T49: =SUM(D49:S49) -> 12892
C50: ‡Wwjfvix | T50: =SUM(D50:S50) -> 0
A51: 8 | B51: PvucvBbevMÄ m`i | C51: eivÏ | D51: 7238 | E51: 7238 | F51: 7238 | G51: 6727 | H51: 483 | I51: 28 | J51: 0 | K51: 4406 | L51: 4201 | M51: 4406 | N51: 205 | O51: 10 | P51: 0 | Q51: 0 | R51: 0 | S51: 0 | T51: =SUM(D51:S51) -> 42180
C52: ‡Wwjfvix | T52: =SUM(D52:S52) -> 0
A53: 9 | B53: ‡Mvg¯Ívcyi | C53: eivÏ | D53: 3150 | E53: 3150 | F53: 3150 | G53: 2700 | H53: 375 | I53: 75 | J53: 0 | K53: 1900 | L53: 1900 | M53: 1900 | N53: 0 | O53: 60 | P53: 0 | Q53: 0 | R53: 0 | S53: 0 | T53: =SUM(D53:S53) -> 18360
C54: ‡Wwjfvix | T54: =SUM(D54:S54) -> 0
A55: 10 | B55: bv‡Pvj | C55: eivÏ | D55: 2688 | E55: 2688 | F55: 2688 | G55: 2282 | H55: 304 | I55: 103 | J55: 0 | K55: 1450 | L55: 1450 | M55: 1450 | N55: 0 | O55: 0 | P55: 0 | Q55: 0 | R55: 0 | S55: 0 | T55: =SUM(D55:S55) -> 15103
C56: ‡Wwjfvix | T56: =SUM(D56:S56) -> 0
A57: 11 | B57: ‡fvjvnvU | C57: eivÏ | D57: 1480 | E57: 1480 | F57: 1480 | G57: 1423 | H57: 57 | I57: 0 | J57: 0 | K57: 920 | L57: 855 | M57: 920 | N57: 65 | O57: 40 | P57: 0 | Q57: 0 | R57: 0 | S57: 0 | T57: =SUM(D57:S57) -> 8720
C58: ‡Wwjfvix | T58: =SUM(D58:S58) -> 0
A59: 12 | B59: wkeMÄ | C59: eivÏ | D59: 8393 | E59: 8393 | F59: 8393 | G59: 7987 | H59: 406 | I59: 0 | J59: 0 | K59: 5963 | L59: 5963 | M59: 5963 | N59: 900 | O59: 5 | P59: 0 | Q59: 0 | R59: 0 | S59: 0 | T59: =SUM(D59:S59) -> 52366
C60: ‡Wwjfvix | T60: =SUM(D60:S60) -> 0
A61: ‡gvU eivÏ | D61: =D37+D39+D41+D43+D45+D47+D49+D51+D53+D55+D57+D59 -> 48579 | E61: =E37+E39+E41+E43+E45+E47+E49+E51+E53+E55+E57+E59 -> 48579 | F61: =F37+F39+F41+F43+F45+F47+F49+F51+F53+F55+F57+F59 -> 48579 | G61: =G37+G39+G41+G43+G45+G47+G49+G51+G53+G55+G57+G59 -> 43636 | H61: =H37+H39+H41+H43+H45+H47+H49+H51+H53+H55+H57+H59 -> 4385 | I61: =I37+I39+I41+I43+I45+I47+I49+I51+I53+I55+I57+I59 -> 559 | J61: =J37+J39+J41+J43+J45+J47+J49+J51+J53+J55+J57+J59 -> 0 | K61: =K37+K39+K41+K43+K45+K47+K49+K51+K53+K55+K57+K59 -> 30179 | ... T61: =T37+T39+T41+T43+T45+T47+T49+T51+T53+T55+T57+T59 -> 288238
A62: ‡gvU †Wwjfvix | D62: =D38+D40+D42+D44+D46+D48+D50+D52+D54+D56+D58+D60 -> 0 | E62: =E38+E40+E42+E44+E46+E48+E50+E52+E54+E56+E58+E60 -> 0 | F62: =F38+F40+F42+F44+F46+F48+F50+F52+F54+F56+F58+F60 -> 0 | G62: =G38+G40+G42+G44+G46+G48+G50+G52+G54+G56+G58+G60 -> 0 | H62: =H38+H40+H42+H44+H46+H48+H50+H52+H54+H56+H58+H60 -> 0 | I62: =I38+I40+I42+I44+I46+I48+I50+I52+I54+I56+I58+I60 -> 0 | J62: =J38+J40+J42+J44+J46+J48+J50+J52+J54+J56+J58+J60 -> 0 | K62: =K38+K40+K42+K44+K46+K48+K50+K52+K54+K56+K58+K60 -> 0 | ... T62: =T38+T40+T42+T44+T46+T48+T50+T52+T54+T56+T58+T60 -> 0
A63: ‡Wwjfvix evKx | D63: =D61-D62 -> 48579 | E63: =E61-E62 -> 48579 | F63: =F61-F62 -> 48579 | G63: =G61-G62 -> 43636 | H63: =H61-H62 -> 4385 | I63: =I61-I62 -> 559 | J63: =J61-J62 -> 0 | K63: =K61-K62 -> 30179 | ... T63: =T61-T62 -> 288238
A65: ‡Rjv-Lyjbv-ev‡MinvU, jU-963, 9g- mvwnZ¨
A66: µ | B66: Dc‡Rjv/_vbv | D66: evsjv | E66: Bs‡iRx | F66: MwYZ | G66: Bmjvg | H66: wn›`y | I66: wLªóvY© | J66: ‡eŠ× | K66: f‚‡Mvj | L66: ‡cŠibxwZ | M66: ev:BwZnvm | N66: A_©bxwZ | O66: wnmve we | P66: msMxZ | Q66: mwPÎ | R66: ms¯‹…Z | S66: cwj | T66: ‡gvU
A67: 1 | B67: ‡Kv‡Zvqvjx | C67: eivÏ | D67: 6800 | E67: 6800 | F67: 6800 | G67: 5380 | H67: 1105 | I67: 280 | J67: 35 | K67: 2470 | L67: 1380 | M67: 2470 | N67: 1340 | O67: 2250 | P67: 0 | Q67: 0 | R67: 0 | S67: 0 | T67: =SUM(D67:S67) -> 37110
C68: ‡Wwjfvix | T68: =SUM(D68:S68) -> 0
A69: 2 | B69: ‡ZiLv`v | C69: eivÏ | D69: 1435 | E69: 1435 | F69: 1435 | G69: 1083 | H69: 352 | I69: 0 | J69: 0 | K69: 950 | L69: 730 | M69: 950 | N69: 220 | O69: 250 | P69: 0 | Q69: 0 | R69: 0 | S69: 0 | T69: =SUM(D69:S69) -> 8840
C70: ‡Wwjfvix | T70: =SUM(D70:S70) -> 0
A71: 3 | B71: iæcmv | C71: eivÏ | D71: 2220 | E71: 2220 | F71: 2220 | G71: 1770 | H71: 433 | I71: 17 | J71: 0 | K71: 1160 | L71: 370 | M71: 1160 | N71: 790 | O71: 688 | P71: 0 | Q71: 0 | R71: 0 | S71: 0 | T71: =SUM(D71:S71) -> 13048
C72: ‡Wwjfvix | T72: =SUM(D72:S72) -> 0
A73: 4 | B73: cvBKMvQv | C73: eivÏ | D73: 3800 | E73: 3800 | F73: 3800 | G73: 2200 | H73: 1500 | I73: 100 | J73: 0 | K73: 3000 | L73: 2200 | M73: 3000 | N73: 1800 | O73: 600 | P73: 0 | Q73: 0 | R73: 0 | S73: 0 | T73: =SUM(D73:S73) -> 25800
C74: ‡Wwjfvix | T74: =SUM(D74:S74) -> 0
A75: 5 | B75: Kqiv | C75: eivÏ | D75: 2200 | E75: 2200 | F75: 2200 | G75: 1450 | H75: 740 | I75: 10 | J75: 0 | K75: 1500 | L75: 1180 | M75: 1500 | N75: 320 | O75: 250 | P75: 0 | Q75: 0 | R75: 0 | S75: 0 | T75: =SUM(D75:S75) -> 13550
C76: ‡Wwjfvix | T76: =SUM(D76:S76) -> 0
A77: 6 | B77: dzjZjv | C77: eivÏ | D77: 1693 | E77: 1693 | F77: 1693 | G77: 1437 | H77: 251 | I77: 5 | J77: 2 | K77: 764 | L77: 317 | M77: 759 | N77: 664 | O77: 433 | P77: 0 | Q77: 0 | R77: 0 | S77: 0 | T77: =SUM(D77:S77) -> 9711
C78: ‡Wwjfvix | T78: =SUM(D78:S78) -> 0
A79: 7 | B79: Wzgywiqv | C79: eivÏ | D79: 4200 | E79: 4200 | F79: 4200 | G79: 2200 | H79: 1950 | I79: 50 | J79: 0 | K79: 3200 | L79: 2000 | M79: 3200 | N79: 1200 | O79: 700 | P79: 0 | Q79: 0 | R79: 0 | S79: 0 | T79: =SUM(D79:S79) -> 27100
C80: ‡Wwjfvix | T80: =SUM(D80:S80) -> 0
A81: 8 | B81: w`Nwjqv | C81: eivÏ | D81: 1250 | E81: 1250 | F81: 1250 | G81: 1020 | H81: 225 | I81: 5 | J81: 0 | K81: 750 | L81: 425 | M81: 750 | N81: 325 | O81: 300 | P81: 0 | Q81: 0 | R81: 0 | S81: 0 | T81: =SUM(D81:S81) -> 7550
C82: ‡Wwjfvix | T82: =SUM(D82:S82) -> 0
A83: 9 | B83: `v‡Kvcv | C83: eivÏ | D83: 1900 | E83: 1900 | F83: 1900 | G83: 700 | H83: 1100 | I83: 100 | J83: 0 | K83: 1300 | L83: 800 | M83: 1300 | N83: 500 | O83: 250 | P83: 0 | Q83: 0 | R83: 0 | S83: 0 | T83: =SUM(D83:S83) -> 11750
C84: ‡Wwjfvix | T84: =SUM(D84:S84) -> 0
A85: 10 | B85: ewUqvNvUv | C85: eivÏ | D85: 1850 | E85: 1850 | F85: 1850 | G85: 1080 | H85: 750 | I85: 20 | J85: 0 | K85: 1250 | L85: 1000 | M85: 1180 | N85: 250 | O85: 350 | P85: 0 | Q85: 0 | R85: 0 | S85: 0 | T85: =SUM(D85:S85) -> 11430
C86: ‡Wwjfvix | T86: =SUM(D86:S86) -> 0
A87: 11 | B87: LvbRvnvb Avjx | C87: eivÏ | D87: 5150 | E87: 5150 | F87: 5150 | G87: 4470 | H87: 560 | I87: 110 | J87: 10 | K87: 1837 | L87: 1567 | M87: 1837 | N87: 270 | O87: 1270 | P87: 0 | Q87: 0 | R87: 0 | S87: 0 | T87: =SUM(D87:S87) -> 27381
C88: ‡Wwjfvix | T88: =SUM(D88:S88) -> 0
A89: 12 | B89: ev‡MinvU m`i | C89: eivÏ | D89: 3600 | E89: 3600 | F89: 3600 | G89: 2790 | H89: 800 | I89: 10 | J89: 0 | K89: 1885 | L89: 845 | M89: 1885 | N89: 1040 | O89: 825 | P89: 0 | Q89: 0 | R89: 0 | S89: 0 | T89: =SUM(D89:S89) -> 20880
C90: ‡Wwjfvix | T90: =SUM(D90:S90) -> 0
A91: 13 | B91: dwKinvU | C91: eivÏ | D91: 1950 | E91: 1950 | F91: 1950 | G91: 1350 | H91: 600 | I91: 0 | J91: 0 | K91: 1056 | L91: 268 | M91: 1056 | N91: 788 | O91: 468 | P91: 0 | Q91: 0 | R91: 0 | S91: 0 | T91: =SUM(D91:S91) -> 11436
C92: ‡Wwjfvix | T92: =SUM(D92:S92) -> 0
A93: 14 | B93: kiY‡Lvjv | C93: eivÏ | D93: 1200 | E93: 1200 | F93: 1200 | G93: 1050 | H93: 150 | I93: 0 | J93: 0 | K93: 810 | L93: 810 | M93: 810 | N93: 0 | O93: 90 | P93: 0 | Q93: 0 | R93: 0 | S93: 0 | T93: =SUM(D93:S93) -> 7320
C94: ‡Wwjfvix | T94: =SUM(D94:S94) -> 0
A95: 15 | B95: ivgcvj | C95: eivÏ | D95: 2050 | E95: 2050 | F95: 2050 | G95: 1480 | H95: 550 | I95: 20 | J95: 0 | K95: 1130 | L95: 790 | M95: 1130 | N95: 340 | O95: 470 | P95: 0 | Q95: 0 | R95: 0 | S95: 0 | T95: =SUM(D95:S95) -> 12060
C96: ‡Wwjfvix | T96: =SUM(D96:S96) -> 0
A97: 16 | B97: ‡gvojMÄ | C97: eivÏ | D97: 3900 | E97: 3900 | F97: 3900 | G97: 2920 | H97: 580 | I97: 2 | J97: 0 | K97: 2300 | L97: 2100 | M97: 2300 | N97: 200 | O97: 500 | P97: 0 | Q97: 0 | R97: 0 | S97: 0 | T97: =SUM(D97:S97) -> 22602
C98: ‡Wwjfvix | T98: =SUM(D98:S98) -> 0
A99: 17 | B99: ‡gvsjv | C99: eivÏ | D99: 1400 | E99: 1400 | F99: 1400 | G99: 990 | H99: 340 | I99: 70 | J99: 0 | K99: 720 | L99: 320 | M99: 720 | N99: 400 | O99: 370 | P99: 0 | Q99: 0 | R99: 0 | S99: 0 | T99: =SUM(D99:S99) -> 8130
C100: ‡Wwjfvix | T100: =SUM(D100:S100) -> 0
A101: 18 | B101: ‡gvjøvnvU | C101: eivÏ | D101: 2000 | E101: 2000 | F101: 2000 | G101: 1400 | H101: 590 | I101: 10 | J101: 0 | K101: 1650 | L101: 1500 | M101: 1650 | N101: 200 | O101: 250 | P101: 0 | Q101: 0 | R101: 0 | S101: 0 | T101: =SUM(D101:S101) -> 13250
C102: ‡Wwjfvix | T102: =SUM(D102:S102) -> 0
A103: 19 | B103: KPzqv | C103: eivÏ | D103: 1075 | E103: 1075 | F103: 1075 | G103: 798 | H103: 277 | I103: 0 | J103: 0 | K103: 691 | L103: 197 | M103: 691 | N103: 494 | O103: 189 | P103: 0 | Q103: 0 | R103: 0 | S103: 0 | T103: =SUM(D103:S103) -> 6562
...

